File ID,File Name,Web View URL,MIME Type,Modified Date,Folder Path
"1cZh9BEqucGuMreDLbi983jsJ6ieipm3ITB_ULLV2lBk","[Aniket] Agentic Platform Customer Deck","https://docs.google.com/presentation/d/1cZh9BEqucGuMreDLbi983jsJ6ieipm3ITB_ULLV2lBk/edit?usp=drivesdk","application/vnd.google-apps.presentation","2026-03-06T18:46:33.540Z","Trainings/Agentic Platform"
"1Y4UywKXgAam6FGYGCBJebZPMR2PX-cxajdE8hlIIY14","AC Copilot - Competitive Intelligence","https://docs.google.com/presentation/d/1Y4UywKXgAam6FGYGCBJebZPMR2PX-cxajdE8hlIIY14/edit?usp=drivesdk","application/vnd.google-apps.presentation","2026-02-20T21:11:39.615Z","Competitive Intelligence/Competitive Battlecards"
"1XvpvrN7_kADqYFe47ylnJR3F-om2TU1V","Account Summary Slide - ABI.pdf","https://drive.google.com/file/d/1XvpvrN7_kADqYFe47ylnJR3F-om2TU1V/view?usp=drivesdk","application/pdf","2026-01-16T18:40:03.000Z","AllyAI Agents/Agentic Customer Outreach/Gurus prep"
"1pdmxXjyjQPWEt6jNYQwSDGnQfzBQaavP","Account Summary Slide - KC Canada.pdf","https://drive.google.com/file/d/1pdmxXjyjQPWEt6jNYQwSDGnQfzBQaavP/view?usp=drivesdk","application/pdf","2026-01-16T18:44:09.000Z","AllyAI Agents/Agentic Customer Outreach/Gurus prep"
"1hoN4M0Xbf9aVQjWsQUcZLVMHiR_DTYio","Agent Deployment Tracker","https://drive.google.com/file/d/1hoN4M0Xbf9aVQjWsQUcZLVMHiR_DTYio/view?usp=drivesdk","application/vnd.google-apps.shortcut","2026-01-12T17:00:37.107Z","AllyAI Agents/Agentic Customer Outreach"
"1vnbulKXEam0skTM35j-t9NZjGPizzUqtPIofBmSJElQ","Agent Pitch - Customer PresentationV3","https://docs.google.com/presentation/d/1vnbulKXEam0skTM35j-t9NZjGPizzUqtPIofBmSJElQ/edit?usp=drivesdk","application/vnd.google-apps.presentation","2026-03-11T00:00:01.566Z","AllyAI Agents/Agentic Customer Outreach"
"1fwLWPNbVMpP8wOEyaYpkY75TTa0c7y5vrdZ2GztKXLs","AGO - Chorus Recording / Demo Video Links","https://docs.google.com/document/d/1fwLWPNbVMpP8wOEyaYpkY75TTa0c7y5vrdZ2GztKXLs/edit?usp=drivesdk","application/vnd.google-apps.document","2025-10-15T19:43:38.044Z","Trainings/AiGO"
"19HptMAE3kaQhsIQsMd0x-cSL1_sHOzb6cAHebMBa2J4","AI Goal Optimizer - External Customer Deck","https://docs.google.com/presentation/d/19HptMAE3kaQhsIQsMd0x-cSL1_sHOzb6cAHebMBa2J4/edit?usp=drivesdk","application/vnd.google-apps.presentation","2026-03-02T23:41:23.172Z","AllyAI Agents/Media Agent"
"1icEP_MRHspJzIOkHHXA9heemdaOEIAvaugt_F2SG-Yw","AI Goal Optimizer - Internal Training Deck V2","https://docs.google.com/presentation/d/1icEP_MRHspJzIOkHHXA9heemdaOEIAvaugt_F2SG-Yw/edit?usp=drivesdk","application/vnd.google-apps.presentation","2026-03-10T10:07:25.185Z","Trainings/AiGO"
"1VxF4b1tleLEOrp9O2xEt_l8CDnPl2a_E","AI Goal Optimizer Demo Script","https://drive.google.com/file/d/1VxF4b1tleLEOrp9O2xEt_l8CDnPl2a_E/view?usp=drivesdk","application/vnd.google-apps.shortcut","2025-10-15T19:39:00.529Z","Trainings/AiGO"
"1YmUoZAs9usjPyYIv1WgLSBUGXdeF56K0","AI Goal Optimizer Media Agent Sell Sheet June 2025","https://drive.google.com/file/d/1YmUoZAs9usjPyYIv1WgLSBUGXdeF56K0/view?usp=drivesdk","application/pdf","2026-02-23T23:34:47.732Z","AllyAI Agents/Media Agent"
"1J6qBG6orf29KRgsdSigkNvOYBHyPUaNY3dqsPidoHRw","AllyAI Agent Product Hub","https://docs.google.com/document/d/1J6qBG6orf29KRgsdSigkNvOYBHyPUaNY3dqsPidoHRw/edit?usp=drivesdk","application/vnd.google-apps.document","2026-03-10T23:46:00.905Z","AllyAI Agents"
"15zKFbgUa2SS6H98tRWMQUEhsnxgAipegF8eErhLLjow","AllyAI Content Agent_2nd Call Slides","https://docs.google.com/presentation/d/15zKFbgUa2SS6H98tRWMQUEhsnxgAipegF8eErhLLjow/edit?usp=drivesdk","application/vnd.google-apps.presentation","2026-03-12T17:37:20.659Z","AllyAI Agents/Content Agent"
"18mgP0-_5ARrVL1yO2HE3rS6C9fuMO7jb","AllyAI Content Agent_datasheet.pdf","https://drive.google.com/file/d/18mgP0-_5ARrVL1yO2HE3rS6C9fuMO7jb/view?usp=drivesdk","application/pdf","2026-02-24T00:49:09.140Z","AllyAI Agents/Content Agent"
"1kt0aXqqNaR3eKwuTFxab5muYVq5l-H2PllQ3XVr4YFs","AllyAI Media Agent & Services","https://docs.google.com/presentation/d/1kt0aXqqNaR3eKwuTFxab5muYVq5l-H2PllQ3XVr4YFs/edit?usp=drivesdk","application/vnd.google-apps.presentation","2026-03-02T22:02:45.081Z","AllyAI Agents/Media Agent"
"1QZ2oSNQ9BVFRcntLSIkrJZjGFhEIJCvk00oD2MRIzL4","AllyAI Sales Agent 2nd Call Deck","https://docs.google.com/presentation/d/1QZ2oSNQ9BVFRcntLSIkrJZjGFhEIJCvk00oD2MRIzL4/edit?usp=drivesdk","application/vnd.google-apps.presentation","2026-03-12T22:24:09.481Z","AllyAI Agents/Sales Agent"
"1JkImyzIkVNClT-xWDBA4dtHHTpuFu6zDyTo01wDPbao","April 2024 - Internal Competitive Update Slides","https://docs.google.com/presentation/d/1JkImyzIkVNClT-xWDBA4dtHHTpuFu6zDyTo01wDPbao/edit?usp=drivesdk","application/vnd.google-apps.presentation","2024-05-13T18:47:39.186Z","Competitive Intelligence/Competitive Updates"
"13WUXmDPUpxXHK0CG-EWKukO3pShZXjGz30K9W7G9T6U","Ascential/Omnicom Competitive Battle Card (Updated May 2024)","https://docs.google.com/presentation/d/13WUXmDPUpxXHK0CG-EWKukO3pShZXjGz30K9W7G9T6U/edit?usp=drivesdk","application/vnd.google-apps.presentation","2024-08-07T22:16:32.085Z","Competitive Intelligence/Competitive Battlecards"
"1UrSYThv-P1-a1xXT6CcKpA5HLuagxi3V","Britax Account Summary Slide.pdf","https://drive.google.com/file/d/1UrSYThv-P1-a1xXT6CcKpA5HLuagxi3V/view?usp=drivesdk","application/pdf","2026-01-16T18:45:08.000Z","AllyAI Agents/Agentic Customer Outreach/Gurus prep"
"1B9nhoWYZcliLHJjVLNJE3GstYyoKjqNL","Buyer Personas - v2_7.20.22.pptx","https://docs.google.com/presentation/d/1B9nhoWYZcliLHJjVLNJE3GstYyoKjqNL/edit?usp=drivesdk&ouid=118049293918336601246&rtpof=true&sd=true","application/vnd.openxmlformats-officedocument.presentationml.presentation","2025-05-28T23:05:48.725Z","Buyer Personas"
"1MxZHUKxPf1AUMtA9KQu56kiSp-zJGOUA","Case Study Slide Library - Copilot, DSO, RMM, Ally","https://drive.google.com/file/d/1MxZHUKxPf1AUMtA9KQu56kiSp-zJGOUA/view?usp=drivesdk","application/vnd.google-apps.shortcut","2026-03-02T22:11:25.252Z","AllyAI Agents/Shelf Agent"
"1CC-B__TvXDKGL4DNbqv0M1XECvibD6wT","Case Study Slide Library - Copilot, DSO, RMM, Ally","https://drive.google.com/file/d/1CC-B__TvXDKGL4DNbqv0M1XECvibD6wT/view?usp=drivesdk","application/vnd.google-apps.shortcut","2026-03-02T22:02:23.752Z","AllyAI Agents/Media Agent"
"1AKgrmgU_a3wvFJPsMfhjshmIIDURdtxEnfnRuyOSYOE","Case Study Slide Library - Copilot, DSO, RMM, Ally","https://docs.google.com/presentation/d/1AKgrmgU_a3wvFJPsMfhjshmIIDURdtxEnfnRuyOSYOE/edit?usp=drivesdk","application/vnd.google-apps.presentation","2026-03-12T21:26:07.093Z","Case Studies"
"1oe5hjcvUGKF7ipy7sjr2O6L3DZ_OxmVBWm2WewhuNgI","CategoryIQ-IndustryReport-StuffedToys","https://docs.google.com/presentation/d/1oe5hjcvUGKF7ipy7sjr2O6L3DZ_OxmVBWm2WewhuNgI/edit?usp=drivesdk","application/vnd.google-apps.presentation","2025-11-20T14:36:16.520Z","Industry Reports"
"1MvIYRCK1Efz24iB7NP-hMqogwNbGYpCM","CategoryIQ-IndustryReport-StuffedToys.pdf","https://drive.google.com/file/d/1MvIYRCK1Efz24iB7NP-hMqogwNbGYpCM/view?usp=drivesdk","application/pdf","2024-10-11T19:03:31.522Z","Industry Reports"
"15La8cmLEDmQJwjjMvpAyhBbgtKwLTlvL","CategoryIQ-IndustryReport-StuffedToys.pptx","https://docs.google.com/presentation/d/15La8cmLEDmQJwjjMvpAyhBbgtKwLTlvL/edit?usp=drivesdk&ouid=118049293918336601246&rtpof=true&sd=true","application/vnd.openxmlformats-officedocument.presentationml.presentation","2024-10-11T19:04:04.455Z","Industry Reports"
"1IRVGj4pNK_gKw2G495ocxfz45DR9oh6h6CagWeZ4hZg","chargeguard by Carbon6 Competitive Overview","https://docs.google.com/document/d/1IRVGj4pNK_gKw2G495ocxfz45DR9oh6h6CagWeZ4hZg/edit?usp=drivesdk","application/vnd.google-apps.document","2024-04-25T18:52:05.594Z","Competitive Intelligence/Other"
"1Wmw4Z9dfIqxyluqdgCvlXvt0KxWhMqH8mjVvdUHWh08","Choosing ESM over Pacvue Commerce","https://docs.google.com/presentation/d/1Wmw4Z9dfIqxyluqdgCvlXvt0KxWhMqH8mjVvdUHWh08/edit?usp=drivesdk","application/vnd.google-apps.presentation","2024-03-06T01:09:41.643Z","Competitive Intelligence/Legacy Battle Cards & Comparisons (for reference)"
"1AynzGDXQmOqGd0snkWGKgX3CyAglve2ICpt-LsDbh8U","Chorus Recording Link","https://docs.google.com/document/d/1AynzGDXQmOqGd0snkWGKgX3CyAglve2ICpt-LsDbh8U/edit?usp=drivesdk","application/vnd.google-apps.document","2025-10-15T19:42:12.417Z","Trainings/Expert IQ"
"1wMavFD7tjcvb37I3miYzeHQVR9AJfMf-","CIQ Mutual NDA - Sales/BD use.pdf","https://drive.google.com/file/d/1wMavFD7tjcvb37I3miYzeHQVR9AJfMf-/view?usp=drivesdk","application/pdf","2026-03-12T19:19:23.687Z","AllyAI Agents/Sales Team Contracts/Documents"
"1Hnc_yja2Rm14oQnC2xR9FK9PxVsCwQvN","CIQ Platform Third Party Access Agreement.docx","https://docs.google.com/document/d/1Hnc_yja2Rm14oQnC2xR9FK9PxVsCwQvN/edit?usp=drivesdk&ouid=118049293918336601246&rtpof=true&sd=true","application/vnd.openxmlformats-officedocument.wordprocessingml.document","2026-03-12T19:21:50.377Z","AllyAI Agents/Sales Team Contracts/Documents"
"16L5AhQkqBwMaeMauO_hbyPrD6SM4zdrk","CIQ Service Level Agreement.pdf","https://drive.google.com/file/d/16L5AhQkqBwMaeMauO_hbyPrD6SM4zdrk/view?usp=drivesdk","application/pdf","2025-06-10T17:10:07.000Z","AllyAI Agents/Sales Team Contracts/Documents"
"1G2MUHoPVMo3tJXliK9k6ykslIA_XOA4w","CIQ Subscription Master Service Agreement (standard MSA).docx","https://docs.google.com/document/d/1G2MUHoPVMo3tJXliK9k6ykslIA_XOA4w/edit?usp=drivesdk&ouid=118049293918336601246&rtpof=true&sd=true","application/vnd.openxmlformats-officedocument.wordprocessingml.document","2026-03-12T19:15:24.000Z","AllyAI Agents/Sales Team Contracts/Documents"
"1N104zHKOyxJY8514tLasaPRwyoENHoeM","CIQ Support Maintenance Packages (Standard and Enterprise).docx","https://docs.google.com/document/d/1N104zHKOyxJY8514tLasaPRwyoENHoeM/edit?usp=drivesdk&ouid=118049293918336601246&rtpof=true&sd=true","application/vnd.openxmlformats-officedocument.wordprocessingml.document","2026-03-12T19:21:01.324Z","AllyAI Agents/Sales Team Contracts/Documents"
"1n7O4sdZBnk5K_JFQSJ2ea5mTqPXC40Mk","CIQ_PMF_Signal_Report_Mar3-9_2026.pdf","https://drive.google.com/file/d/1n7O4sdZBnk5K_JFQSJ2ea5mTqPXC40Mk/view?usp=drivesdk","application/pdf","2026-03-10T20:39:24.509Z","PMF Reports"
"1UvrqNqH79UC77DtfpV4FveNEfQEStcyt","CommerceIQ Sales Agent Messaging Framework.docx","https://docs.google.com/document/d/1UvrqNqH79UC77DtfpV4FveNEfQEStcyt/edit?usp=drivesdk&ouid=118049293918336601246&rtpof=true&sd=true","application/vnd.openxmlformats-officedocument.wordprocessingml.document","2026-03-12T23:06:49.424Z","AllyAI Agents/Sales Agent"
"1XAB1UbXwg2k47o339A7Cbix8Fo2aqJr5","CommerceIQ-2025-Year-in-review-The State of-Retail-Ecommerce-report-Lookback.pdf","https://drive.google.com/file/d/1XAB1UbXwg2k47o339A7Cbix8Fo2aqJr5/view?usp=drivesdk","application/pdf","2026-02-13T07:23:40.000Z","Industry Reports"
"1Bo9_-x9N3eCU9FahS4E3NfSFyJyh6gPw","CommerceIQ-AI Retail-Survey- Report-2026.pdf","https://drive.google.com/file/d/1Bo9_-x9N3eCU9FahS4E3NfSFyJyh6gPw/view?usp=drivesdk","application/pdf","2026-03-03T16:59:24.105Z","Industry Reports"
"1l-vCwZQ9xrK-lg6dZ9ZbjPyVPxMLiQUQ1fjP0RAhzgw","CommerceIQ-CategoryIQ-Hair-Styling-April-2025","https://docs.google.com/presentation/d/1l-vCwZQ9xrK-lg6dZ9ZbjPyVPxMLiQUQ1fjP0RAhzgw/edit?usp=drivesdk","application/vnd.google-apps.presentation","2025-11-20T14:35:55.073Z","Industry Reports"
"16bbDjWvpCFnALXPc0LXV_Iu9UvdRxCvG","CommerceIQ-CategoryIQ-Hair-Styling-April-2025.pdf","https://drive.google.com/file/d/16bbDjWvpCFnALXPc0LXV_Iu9UvdRxCvG/view?usp=drivesdk","application/pdf","2025-04-08T15:28:47.000Z","Industry Reports"
"1AAi6a2H0gbV5sbAOH9gIsNbJ3aJyQ4yo","CommerceIQ-CategoryIQ-Hair-Styling-April-2025.ppt","https://docs.google.com/presentation/d/1AAi6a2H0gbV5sbAOH9gIsNbJ3aJyQ4yo/edit?usp=drivesdk&ouid=118049293918336601246&rtpof=true&sd=true","application/vnd.ms-powerpoint","2025-11-17T18:34:59.155Z","Industry Reports"
"14JbaX-O_evmuIo_FYZ7gmCJsNBZkRMPa9dKeV-BlHQ0","CommerceIQ-CategoryIQ-Liquid-Body-Wash-April-2025","https://docs.google.com/presentation/d/14JbaX-O_evmuIo_FYZ7gmCJsNBZkRMPa9dKeV-BlHQ0/edit?usp=drivesdk","application/vnd.google-apps.presentation","2025-11-20T14:35:40.023Z","Industry Reports"
"1gO-qQV2-r-5LDNDNhUVcaPp1eufWIXEM","CommerceIQ-CategoryIQ-Liquid-Body-Wash-April-2025.pdf","https://drive.google.com/file/d/1gO-qQV2-r-5LDNDNhUVcaPp1eufWIXEM/view?usp=drivesdk","application/pdf","2025-04-09T15:36:27.000Z","Industry Reports"
"1afaiqvl7qlHFeXQv3EHnoqZX84KmGrJj","CommerceIQ-CategoryIQ-Liquid-Body-Wash-April-2025.ppt","https://docs.google.com/presentation/d/1afaiqvl7qlHFeXQv3EHnoqZX84KmGrJj/edit?usp=drivesdk&ouid=118049293918336601246&rtpof=true&sd=true","application/vnd.ms-powerpoint","2025-11-17T18:34:59.691Z","Industry Reports"
"13o95ZN7b287KQbJ4qogNlaB6kLpM_S4H","CommerceIQ-ContentStyleGuide.pdf","https://drive.google.com/file/d/13o95ZN7b287KQbJ4qogNlaB6kLpM_S4H/view?usp=drivesdk","application/pdf","2025-12-11T17:20:43.172Z","CIQ Brand"
"1dQ4Ui4qMXCW-gJ-c-oGwjwxHe41p0ePnSrdaIDTUbGo","CommerceIQ-Prime-Big-Deal-Days-2025-Report","https://docs.google.com/presentation/d/1dQ4Ui4qMXCW-gJ-c-oGwjwxHe41p0ePnSrdaIDTUbGo/edit?usp=drivesdk","application/vnd.google-apps.presentation","2025-11-20T14:44:25.923Z","Industry Reports"
"1RyKXbYklU3OcTm0alar_IzX2uHNe0YIi","CommerceIQ-Prime-Big-Deal-Days-2025-Report.pdf","https://drive.google.com/file/d/1RyKXbYklU3OcTm0alar_IzX2uHNe0YIi/view?usp=drivesdk","application/pdf","2025-11-20T14:56:08.000Z","Industry Reports"
"1-q2LxrtTOooTbU3guxAK8RjUXSqKxt1ZeoDtnhIrzZA","CommerceIQ-Prime-Day-2024-Insights","https://docs.google.com/presentation/d/1-q2LxrtTOooTbU3guxAK8RjUXSqKxt1ZeoDtnhIrzZA/edit?usp=drivesdk","application/vnd.google-apps.presentation","2025-11-20T14:23:06.260Z","Industry Reports"
"1gXwcgETSHMJJ92fy_DUbqlc8ptNWnLtQ","CommerceIQ-Prime-Day-2024-Insights.pdf","https://drive.google.com/file/d/1gXwcgETSHMJJ92fy_DUbqlc8ptNWnLtQ/view?usp=drivesdk","application/pdf","2024-07-18T20:30:35.000Z","Industry Reports"
"1rWLpj4L8K0r5ytSIjgmc2hG03dKWlsYB","CommerceIQ-Prime-Day-2024-Insights.pptx","https://docs.google.com/presentation/d/1rWLpj4L8K0r5ytSIjgmc2hG03dKWlsYB/edit?usp=drivesdk&ouid=118049293918336601246&rtpof=true&sd=true","application/vnd.openxmlformats-officedocument.presentationml.presentation","2024-07-18T20:30:40.000Z","Industry Reports"
"1iy4dRWKUOY-97vb00f9hDXszQ74XBQkreNICPMD5JBw","CommerceIQ-Quarterly-Industry-Trends-2025-Q1-report-April-2025-va","https://docs.google.com/presentation/d/1iy4dRWKUOY-97vb00f9hDXszQ74XBQkreNICPMD5JBw/edit?usp=drivesdk","application/vnd.google-apps.presentation","2025-11-20T14:22:51.248Z","Industry Reports"
"17VOXTliCjYnNviFvggfi2Hlpf5a6KsbY","CommerceIQ-Quarterly-Industry-Trends-2025-Q1-report-April-2025-va.pdf","https://drive.google.com/file/d/17VOXTliCjYnNviFvggfi2Hlpf5a6KsbY/view?usp=drivesdk","application/pdf","2025-04-29T15:26:20.000Z","Industry Reports"
"1CZOJDBebSOl62I2MfkIrqqG1K9JRW8qs","CommerceIQ-Quarterly-Industry-Trends-2025-Q1-report-April-2025-va.pptx","https://docs.google.com/presentation/d/1CZOJDBebSOl62I2MfkIrqqG1K9JRW8qs/edit?usp=drivesdk&ouid=118049293918336601246&rtpof=true&sd=true","application/vnd.openxmlformats-officedocument.presentationml.presentation","2025-04-29T15:25:04.000Z","Industry Reports"
"15fZ6UceIo5E4FUnpd5QOIQcJGIwVPvjQ3XK-lZyIjWM","CommerceIQ-Quarterly-Industry-Trends-2025-Q3-report-Sept-2025-va","https://docs.google.com/presentation/d/15fZ6UceIo5E4FUnpd5QOIQcJGIwVPvjQ3XK-lZyIjWM/edit?usp=drivesdk","application/vnd.google-apps.presentation","2025-11-20T14:43:30.578Z","Industry Reports"
"1DlVgZ7L64Ui_G9AS1lv-YdjY7gf59rnR","CommerceIQ-The-State-of-retail-Ecommerce-Q3-2025-report-Sept-va.pdf","https://drive.google.com/file/d/1DlVgZ7L64Ui_G9AS1lv-YdjY7gf59rnR/view?usp=drivesdk","application/pdf","2025-11-20T15:16:57.322Z","Industry Reports"
"1ANNJCUP8it3vnUY5-5WPnf-BHU9LUB01nPvjqfDfBe8","Competition - Comparison Across Products","https://docs.google.com/presentation/d/1ANNJCUP8it3vnUY5-5WPnf-BHU9LUB01nPvjqfDfBe8/edit?usp=drivesdk","application/vnd.google-apps.presentation","2023-06-01T22:48:26.243Z","Competitive Intelligence/Legacy Battle Cards & Comparisons (for reference)"
"1HRjFsZMuSaYpiTZJaBUskplFvOO6mOYkeh9dbwS8dNU","Competitive Comparisons","https://docs.google.com/presentation/d/1HRjFsZMuSaYpiTZJaBUskplFvOO6mOYkeh9dbwS8dNU/edit?usp=drivesdk","application/vnd.google-apps.presentation","2024-07-25T21:35:45.328Z","Competitive Intelligence/Competitive Battlecards"
"10IBSw-YGlYVC5z-7_X5oCde5ZArdPanDm65Eiky52rc","Comprehensive Prime Day Report July 2024","https://docs.google.com/presentation/d/10IBSw-YGlYVC5z-7_X5oCde5ZArdPanDm65Eiky52rc/edit?usp=drivesdk","application/vnd.google-apps.presentation","2025-11-20T14:22:40.862Z","Industry Reports"
"1-HYxEn_UcVhsOgUnpZMoX7p9RGPXiNAG","Comprehensive Prime Day Report July 2024.pdf","https://drive.google.com/file/d/1-HYxEn_UcVhsOgUnpZMoX7p9RGPXiNAG/view?usp=drivesdk","application/pdf","2024-08-14T16:22:29.179Z","Industry Reports"
"1-FqxMV410Y-R0IJHxfAWT1JtOJay97gX","Comprehensive Prime Day Report July 2024.pptx","https://docs.google.com/presentation/d/1-FqxMV410Y-R0IJHxfAWT1JtOJay97gX/edit?usp=drivesdk&ouid=118049293918336601246&rtpof=true&sd=true","application/vnd.openxmlformats-officedocument.presentationml.presentation","2024-08-14T16:22:28.161Z","Industry Reports"
"1k65CnPFcC4C4Xn4WupAX11scdADL1BYHQlA3t_RTpR4","Content Agent FAQ","https://docs.google.com/document/d/1k65CnPFcC4C4Xn4WupAX11scdADL1BYHQlA3t_RTpR4/edit?usp=drivesdk","application/vnd.google-apps.document","2025-12-12T00:27:00.360Z","AllyAI Agents/Content Agent"
"1RQIltQVN7XE4uEUHziILcqDtpqHkEkDbjH22KRknIeU","Content Agent Messaging Framework","https://docs.google.com/document/d/1RQIltQVN7XE4uEUHziILcqDtpqHkEkDbjH22KRknIeU/edit?usp=drivesdk","application/vnd.google-apps.document","2026-03-02T22:45:12.809Z","AllyAI Agents/Content Agent"
"1JtVl-TJ1-2QUl0CLVzes_YZYDGZGd86AJlHVnPvhso0","Content Agent Training Deck","https://docs.google.com/presentation/d/1JtVl-TJ1-2QUl0CLVzes_YZYDGZGd86AJlHVnPvhso0/edit?usp=drivesdk","application/vnd.google-apps.presentation","2026-02-04T05:15:18.630Z","Trainings/Agentic Platform/Content Agent"
"15kb2FWqu0mRFP8ad9Ir2ku5_X6q6L7sf","Copy of Case Study Slide Library - Copilot, DSO, RMM, Ally","https://drive.google.com/file/d/15kb2FWqu0mRFP8ad9Ir2ku5_X6q6L7sf/view?usp=drivesdk","application/vnd.google-apps.shortcut","2026-03-02T22:10:56.357Z","AllyAI Agents/Content Agent"
"1BTz7QR3-K14x2mArm6T8IlSRr1apepq8","Copy of Case Study Slide Library - Copilot, DSO, RMM, Ally","https://drive.google.com/file/d/1BTz7QR3-K14x2mArm6T8IlSRr1apepq8/view?usp=drivesdk","application/vnd.google-apps.shortcut","2026-03-02T22:11:08.738Z","AllyAI Agents/Sales Agent"
"1VT92b_iG7yNa_CaAMG3NoDurIgGDLKFzRqxt2k2sI20","Data Impact Comparison","https://docs.google.com/presentation/d/1VT92b_iG7yNa_CaAMG3NoDurIgGDLKFzRqxt2k2sI20/edit?usp=drivesdk","application/vnd.google-apps.presentation","2023-07-21T19:25:00.350Z","Competitive Intelligence/Legacy Battle Cards & Comparisons (for reference)"
"1jckmA_8JEEwTzxVWg9KlGV98YwgyDNi7crNZ4HKp-ys","Databricks Competitive Comparison & Overview","https://docs.google.com/document/d/1jckmA_8JEEwTzxVWg9KlGV98YwgyDNi7crNZ4HKp-ys/edit?usp=drivesdk","application/vnd.google-apps.document","2024-05-21T20:48:38.699Z","Competitive Intelligence/Other"
"13uwOSAVOPNJALbyX3givIDoAdRi987o48V_iUfQ8_Qg","Demo_Content Agent","https://docs.google.com/document/d/13uwOSAVOPNJALbyX3givIDoAdRi987o48V_iUfQ8_Qg/edit?usp=drivesdk","application/vnd.google-apps.document","2026-03-02T21:57:52.349Z","AllyAI Agents/Content Agent"
"1_Pgat_9rcuve3EmEJNVzOfQ5pyuzEGCIgcCPp1OOMlY","Demo_Sales Agent Script","https://docs.google.com/document/d/1_Pgat_9rcuve3EmEJNVzOfQ5pyuzEGCIgcCPp1OOMlY/edit?usp=drivesdk","application/vnd.google-apps.document","2026-03-12T21:18:32.987Z","AllyAI Agents/Sales Agent"
"1tVVxqblqjbN-NwxXdz-HUwxlvoR0Yp9AgH1xH46DKL8","Dexi Competitive Overview","https://docs.google.com/document/d/1tVVxqblqjbN-NwxXdz-HUwxlvoR0Yp9AgH1xH46DKL8/edit?usp=drivesdk","application/vnd.google-apps.document","2024-05-13T14:43:46.619Z","Competitive Intelligence/Other"
"1xuKZj_eU0Lh0eJf7YcVhBuPGycK93UUmZ8pq722pmqQ","Digital Shelf Optimization - Competitive Intelligence","https://docs.google.com/presentation/d/1xuKZj_eU0Lh0eJf7YcVhBuPGycK93UUmZ8pq722pmqQ/edit?usp=drivesdk","application/vnd.google-apps.presentation","2025-10-16T20:20:57.219Z","Competitive Intelligence/Competitive Battlecards"
"1HrSDLMR717Y25Bir8aqUf6xq7o5PvCL2SAahBm9rpsA","Dimetyd Battle Card (Updated Dec 23)","https://docs.google.com/presentation/d/1HrSDLMR717Y25Bir8aqUf6xq7o5PvCL2SAahBm9rpsA/edit?usp=drivesdk","application/vnd.google-apps.presentation","2024-01-22T16:50:53.909Z","Competitive Intelligence/Competitive Battlecards"
"1AYVPJ-9FI2Tn_A1m4J49YwzHFogiiFU2","DSO Product Description_v2.1_Jul2025_INTERNAL","https://drive.google.com/file/d/1AYVPJ-9FI2Tn_A1m4J49YwzHFogiiFU2/view?usp=drivesdk","application/vnd.google-apps.shortcut","2026-03-02T22:13:21.048Z","AllyAI Agents/Shelf Agent"
"1nmzdRQLvuUUsVg9YefmjRxavjlxY_wiJPr7ECrVb8Fo","DSO Product Description_v2.1_Jul2025_INTERNAL","https://docs.google.com/document/d/1nmzdRQLvuUUsVg9YefmjRxavjlxY_wiJPr7ECrVb8Fo/edit?usp=drivesdk","application/vnd.google-apps.document","2026-03-02T22:11:32.507Z","AllyAI Agents/Shelf Agent"
"1-zzCjM-Sm4UGwxPVw4Mnx9ueDXkmKrt5","DSO_Automated Product Tagging Process","https://drive.google.com/file/d/1-zzCjM-Sm4UGwxPVw4Mnx9ueDXkmKrt5/view?usp=drivesdk","application/vnd.google-apps.shortcut","2025-11-07T23:13:38.167Z","Trainings/DSO"
"1frAmBGgMM6jnnNOKou8wRvAO234h2Zi1","DSO_Release Notes: Auto Product Tagging (Internal)","https://drive.google.com/file/d/1frAmBGgMM6jnnNOKou8wRvAO234h2Zi1/view?usp=drivesdk","application/vnd.google-apps.shortcut","2025-11-07T23:13:55.744Z","Trainings/DSO"
"1_l8U7aqQ-wpRgJcG_2pUquRSCH_R0l26nzd4qks7Rkc","Expert Insights FAQ - Internal","https://docs.google.com/document/d/1_l8U7aqQ-wpRgJcG_2pUquRSCH_R0l26nzd4qks7Rkc/edit?usp=drivesdk","application/vnd.google-apps.document","2025-10-06T16:47:21.108Z","Trainings/Expert IQ"
"1x0EnJT04my13Ug6EaB6tZsoTAgm-B2RSZ8bAbCANuGo","ExpertIQ Training Deck Internal","https://docs.google.com/presentation/d/1x0EnJT04my13Ug6EaB6tZsoTAgm-B2RSZ8bAbCANuGo/edit?usp=drivesdk","application/vnd.google-apps.presentation","2026-02-13T11:43:23.168Z","Trainings/Expert IQ"
"1fzWmkrGyBidwiC8ckT80ZUpfjJGV8Uul","ExpertIQ-Datasheet.pdf","https://drive.google.com/file/d/1fzWmkrGyBidwiC8ckT80ZUpfjJGV8Uul/view?usp=drivesdk","application/pdf","2025-10-06T16:56:49.890Z","Trainings/Expert IQ"
"1dvFn0dg_IphiLRNTMMuljNhZ2lMEKGebDxoRILMObE0","First Call & Content Agent Certification","https://docs.google.com/presentation/d/1dvFn0dg_IphiLRNTMMuljNhZ2lMEKGebDxoRILMObE0/edit?usp=drivesdk","application/vnd.google-apps.presentation","2026-03-04T03:34:05.993Z","Trainings"
"1qcUhyiYi5awvU5rmtT3sIRjzESIdCqmC","First Call Certification","https://drive.google.com/file/d/1qcUhyiYi5awvU5rmtT3sIRjzESIdCqmC/view?usp=drivesdk","application/vnd.google-apps.shortcut","2025-10-15T17:43:26.796Z","Trainings/1st call Certification"
"1OTAKoxgOvSILDwYb6ev6mzJoVm9EBH8eePk3XL5v_mE","First Call Deck - Agentic Retail","https://docs.google.com/presentation/d/1OTAKoxgOvSILDwYb6ev6mzJoVm9EBH8eePk3XL5v_mE/edit?usp=drivesdk","application/vnd.google-apps.presentation","2026-03-11T15:26:24.468Z","AllyAI Agents"
"1cfV_pMIB3IopA7BUwv_MmnqEWCJdVmpLaw80PBNhgeU","Flywheel comparison","https://docs.google.com/presentation/d/1cfV_pMIB3IopA7BUwv_MmnqEWCJdVmpLaw80PBNhgeU/edit?usp=drivesdk","application/vnd.google-apps.presentation","2023-07-17T17:19:00.966Z","Competitive Intelligence/Legacy Battle Cards & Comparisons (for reference)"
"1rHrAXhAUL47JPp0l2cn2d1NTkW7Q5mQL8dTANoYZ2Ro","Helium10 Comparison","https://docs.google.com/presentation/d/1rHrAXhAUL47JPp0l2cn2d1NTkW7Q5mQL8dTANoYZ2Ro/edit?usp=drivesdk","application/vnd.google-apps.presentation","2024-05-28T19:53:50.269Z","Competitive Intelligence/Legacy Battle Cards & Comparisons (for reference)"
"1fyZMrbW_ubpKl_sUjQ8-A9laMZxjiMhW","Henkel_Winning the Next Wave of Search.pdf","https://drive.google.com/file/d/1fyZMrbW_ubpKl_sUjQ8-A9laMZxjiMhW/view?usp=drivesdk","application/pdf","2025-11-14T03:42:51.683Z","White Papers"
"1yUxycedNputTb3wHDuQF25sRt4FxqN1WG-nQe0TOKnE","Henkel: Winning the next wave of search: How generative AI is reshaping retail","https://docs.google.com/document/d/1yUxycedNputTb3wHDuQF25sRt4FxqN1WG-nQe0TOKnE/edit?usp=drivesdk","application/vnd.google-apps.document","2025-11-14T03:42:34.747Z","White Papers"
"1NTJ0XU3y_hoNzHP-VguvGHbqFGD-hKrIIOX8gJ4eL9Y","ICP 1,2,3 Definitions","https://docs.google.com/presentation/d/1NTJ0XU3y_hoNzHP-VguvGHbqFGD-hKrIIOX8gJ4eL9Y/edit?usp=drivesdk","application/vnd.google-apps.presentation","2025-12-15T17:49:25.409Z","Trainings"
"1JmOOEArkirr9FLw32PRkjjRsiYfBbRVoHV43RNqRKpw","IndustryTrends-TheStateofRetailEcomm-Q3","https://docs.google.com/presentation/d/1JmOOEArkirr9FLw32PRkjjRsiYfBbRVoHV43RNqRKpw/edit?usp=drivesdk","application/vnd.google-apps.presentation","2025-11-20T14:21:50.077Z","Industry Reports"
"1-4Bd88XB4JdRiCEtdG3jXJoe4QW7EwFM","IndustryTrends-TheStateofRetailEcomm-Q3.pdf","https://drive.google.com/file/d/1-4Bd88XB4JdRiCEtdG3jXJoe4QW7EwFM/view?usp=drivesdk","application/pdf","2024-10-31T19:55:15.000Z","Industry Reports"
"1MiXqYL31vf-WD4ckUS2Oj2VPUMFcLcIA","IndustryTrends-TheStateofRetailEcomm-Q3.pptx","https://docs.google.com/presentation/d/1MiXqYL31vf-WD4ckUS2Oj2VPUMFcLcIA/edit?usp=drivesdk&ouid=118049293918336601246&rtpof=true&sd=true","application/vnd.openxmlformats-officedocument.presentationml.presentation","2025-11-19T16:42:25.077Z","Industry Reports"
"1O-miPrCS1KF1uEbQ6JyBRfPZCSv26PMfiCK2n19Gyto","Internal Competitive & Industry Experience SMEs ","https://docs.google.com/spreadsheets/d/1O-miPrCS1KF1uEbQ6JyBRfPZCSv26PMfiCK2n19Gyto/edit?usp=drivesdk","application/vnd.google-apps.spreadsheet","2024-08-29T20:24:32.135Z","Competitive Intelligence"
"1YLmJsIiY_Gdn9v1iN0vdR0bnPcKbnNgZRge8e2yO8Oc","May 2024 - Internal Competitive Update Slides","https://docs.google.com/presentation/d/1YLmJsIiY_Gdn9v1iN0vdR0bnPcKbnNgZRge8e2yO8Oc/edit?usp=drivesdk","application/vnd.google-apps.presentation","2024-05-28T16:33:52.870Z","Competitive Intelligence/Competitive Updates"
"1rA9tZCkZpMBQ8onkwwQEIs3yliAMGMk9fvtptU1UpCs","Media Agent 1-Click Report MBR MoM Example Generic ","https://docs.google.com/presentation/d/1rA9tZCkZpMBQ8onkwwQEIs3yliAMGMk9fvtptU1UpCs/edit?usp=drivesdk","application/vnd.google-apps.presentation","2026-03-02T19:03:23.135Z","AllyAI Agents"
"156Q3rD7XuaJRfdOZt1f8BaY2cSvVJAcazNCQpKDOfjU","Pacvue Commerce","https://docs.google.com/presentation/d/156Q3rD7XuaJRfdOZt1f8BaY2cSvVJAcazNCQpKDOfjU/edit?usp=drivesdk","application/vnd.google-apps.presentation","2024-03-06T01:10:15.738Z","Competitive Intelligence/Legacy Battle Cards & Comparisons (for reference)"
"1dquNJTKdp6uQvWJitTmoyG7vf4VIawMhPkk_lTMHKX0","Pacvue Competitive Battle Card - ESM (Updated Sept 25)","https://docs.google.com/presentation/d/1dquNJTKdp6uQvWJitTmoyG7vf4VIawMhPkk_lTMHKX0/edit?usp=drivesdk","application/vnd.google-apps.presentation","2025-12-11T20:41:24.454Z","Competitive Intelligence/Competitive Battlecards"
"1G1yJXrTDLm8YRpTIGeSPZ__c_9FNVDI0q6NpV-73FoE","Pacvue RMM Comparison","https://docs.google.com/presentation/d/1G1yJXrTDLm8YRpTIGeSPZ__c_9FNVDI0q6NpV-73FoE/edit?usp=drivesdk","application/vnd.google-apps.presentation","2024-03-06T01:10:38.934Z","Competitive Intelligence/Legacy Battle Cards & Comparisons (for reference)"
"1aki5EOsdd192s0sG4iDB5ugyZP1ES9e4","Product Box: AllyAI Media Agent & Services.docx","https://docs.google.com/document/d/1aki5EOsdd192s0sG4iDB5ugyZP1ES9e4/edit?usp=drivesdk&ouid=118049293918336601246&rtpof=true&sd=true","application/vnd.openxmlformats-officedocument.wordprocessingml.document","2026-03-11T16:55:31.466Z","AllyAI Agents/Media Agent"
"1GKR5i2wDDEBKIzuGGhx8R3Joqka6qV2GAAqh2JzOKlw","Product Box: AllyAI SalesAgent & Services","https://docs.google.com/document/d/1GKR5i2wDDEBKIzuGGhx8R3Joqka6qV2GAAqh2JzOKlw/edit?usp=drivesdk","application/vnd.google-apps.document","2026-03-05T19:46:31.757Z","AllyAI Agents/Sales Agent"
"1fOQ1xZG1lxsJ-lhCAXnWBFYNh4FsELJB_fcEMCOdRmU","Product Box: Content Agent","https://docs.google.com/document/d/1fOQ1xZG1lxsJ-lhCAXnWBFYNh4FsELJB_fcEMCOdRmU/edit?usp=drivesdk","application/vnd.google-apps.document","2026-03-02T21:57:26.166Z","AllyAI Agents/Content Agent"
"1az4xXzI0P9ZEkA8hYegZlJ6sDRBS_1_JJZntf0DK1DI","Product Box: Shelf Agent","https://docs.google.com/document/d/1az4xXzI0P9ZEkA8hYegZlJ6sDRBS_1_JJZntf0DK1DI/edit?usp=drivesdk","application/vnd.google-apps.document","2026-03-05T19:38:43.687Z","AllyAI Agents/Shelf Agent"
"1OLdvvxuSFyc2eeBgmazj8dpf13yogTtqkzPnfOP8hmg","Product Success Plan + Training Deck Internal WIP","https://docs.google.com/presentation/d/1OLdvvxuSFyc2eeBgmazj8dpf13yogTtqkzPnfOP8hmg/edit?usp=drivesdk","application/vnd.google-apps.presentation","2026-01-15T20:12:12.959Z","Trainings/Expert IQ"
"1V07htziv5S_HCcqkQiJO_vELv99-2e7HY_gNTS_ydXg","Profitero Comparison","https://docs.google.com/presentation/d/1V07htziv5S_HCcqkQiJO_vELv99-2e7HY_gNTS_ydXg/edit?usp=drivesdk","application/vnd.google-apps.presentation","2023-10-23T23:55:52.056Z","Competitive Intelligence/Legacy Battle Cards & Comparisons (for reference)"
"1fgf9w5uCSlwhU8eyO69UaSwgayQU_jTw","Profitero Demo of AI PDP Optimization.MOV","https://drive.google.com/file/d/1fgf9w5uCSlwhU8eyO69UaSwgayQU_jTw/view?usp=drivesdk","video/quicktime","2024-05-21T21:06:53.291Z","Competitive Intelligence/Other"
"1MmZXfckXKtO820fWCu3YtL_gKTX_hk72","Profitero Demo of PDP Optimization.MOV","https://drive.google.com/file/d/1MmZXfckXKtO820fWCu3YtL_gKTX_hk72/view?usp=drivesdk","video/quicktime","2024-05-15T20:10:21.754Z","Competitive Intelligence/Other"
"1C-84_-wMXEXQvW5qRhB3CuF5MmVL4gp-CYcr71NCIvM","Quartile - Competitive Overview","https://docs.google.com/document/d/1C-84_-wMXEXQvW5qRhB3CuF5MmVL4gp-CYcr71NCIvM/edit?usp=drivesdk","application/vnd.google-apps.document","2024-06-06T15:56:42.880Z","Competitive Intelligence/Other"
"1VSQuSIaMSTemiQk-3juknVUE4rTmEmMzJF3GDobiqss","Retail Media - Competitive Intelligence","https://docs.google.com/presentation/d/1VSQuSIaMSTemiQk-3juknVUE4rTmEmMzJF3GDobiqss/edit?usp=drivesdk","application/vnd.google-apps.presentation","2024-10-21T23:39:25.335Z","Competitive Intelligence/Competitive Battlecards"
"1mFqLkUQq2lfegCTqKIQA6jacVWre4fwonrLaJ0GwOFg","Shalion Competitive Comparison","https://docs.google.com/document/d/1mFqLkUQq2lfegCTqKIQA6jacVWre4fwonrLaJ0GwOFg/edit?usp=drivesdk","application/vnd.google-apps.document","2024-09-19T03:37:48.106Z","Competitive Intelligence/Other"
"13wWsiBNRTIVucyWrBcIeLgQtC9eu--6YxKpKY1pWmfU","Shelf Agent Training","https://docs.google.com/presentation/d/13wWsiBNRTIVucyWrBcIeLgQtC9eu--6YxKpKY1pWmfU/edit?usp=drivesdk","application/vnd.google-apps.presentation","2026-03-10T15:36:36.697Z","AllyAI Agents/Shelf Agent"
"1gL4Ew9F9-xJRCPEMGrZun6TwJnZXYlu-55rbbJriAM0","Skai Comparison","https://docs.google.com/presentation/d/1gL4Ew9F9-xJRCPEMGrZun6TwJnZXYlu-55rbbJriAM0/edit?usp=drivesdk","application/vnd.google-apps.presentation","2023-07-14T19:09:43.810Z","Competitive Intelligence/Legacy Battle Cards & Comparisons (for reference)"
"144vl17SkkyprH9ywJUZ8O_svpswmzUlEXf3bf3zbhE8","Skai Competitive Battle Card (Updated Sept 2024)","https://docs.google.com/presentation/d/144vl17SkkyprH9ywJUZ8O_svpswmzUlEXf3bf3zbhE8/edit?usp=drivesdk","application/vnd.google-apps.presentation","2024-10-21T23:39:09.919Z","Competitive Intelligence/Competitive Battlecards"
"1loydBk1pPRdeXHN16ASUrkAfd_tu71SuGqeFDoPu35E","Stackline Comparison","https://docs.google.com/presentation/d/1loydBk1pPRdeXHN16ASUrkAfd_tu71SuGqeFDoPu35E/edit?usp=drivesdk","application/vnd.google-apps.presentation","2023-10-25T14:53:19.425Z","Competitive Intelligence/Legacy Battle Cards & Comparisons (for reference)"
"1wBd8aMTqORuzwH4q7CfLqWxliJXMYuv8YbwFRps9Dgg","Stackline Competitive Battle Card (Updated August 2025)","https://docs.google.com/presentation/d/1wBd8aMTqORuzwH4q7CfLqWxliJXMYuv8YbwFRps9Dgg/edit?usp=drivesdk","application/vnd.google-apps.presentation","2026-02-12T18:42:06.291Z","Competitive Intelligence/Competitive Battlecards"
"1MDn7_khrcZmWA84Vr_rP4H-pWsyWZJxcqpWDOBRaL1o","SupplyPike Competitive Battle Card WIP (Updated Oct 2025)","https://docs.google.com/presentation/d/1MDn7_khrcZmWA84Vr_rP4H-pWsyWZJxcqpWDOBRaL1o/edit?usp=drivesdk","application/vnd.google-apps.presentation","2025-10-20T16:54:45.824Z","Competitive Intelligence/Competitive Battlecards"
"16DCsGMLvvzsk7NT5XEGn7rUoetihb5uuGqpZCsgVb8M","Teikametrics Comparison","https://docs.google.com/presentation/d/16DCsGMLvvzsk7NT5XEGn7rUoetihb5uuGqpZCsgVb8M/edit?usp=drivesdk","application/vnd.google-apps.presentation","2023-06-08T05:44:52.326Z","Competitive Intelligence/Legacy Battle Cards & Comparisons (for reference)"
"1qFM6h96qRKPP8zzh5MvSxwlSxnpw1s2qak2wgtFVOvs","Tinuiti Comparison","https://docs.google.com/presentation/d/1qFM6h96qRKPP8zzh5MvSxwlSxnpw1s2qak2wgtFVOvs/edit?usp=drivesdk","application/vnd.google-apps.presentation","2023-06-08T05:42:42.129Z","Competitive Intelligence/Legacy Battle Cards & Comparisons (for reference)"
"11yIo8iI1X2V7s1qDuZki-__d1U9wmAk6wSpafIxiM6s","Tinuiti Competitive Battle Card (Updated Dec 23)","https://docs.google.com/presentation/d/11yIo8iI1X2V7s1qDuZki-__d1U9wmAk6wSpafIxiM6s/edit?usp=drivesdk","application/vnd.google-apps.presentation","2023-12-08T21:37:50.253Z","Competitive Intelligence/Competitive Battlecards"
"1FOqSsMw3gHRRA_Gz29whqQdik3nbRcSy","Training: Agentic Platform Customer Deck","https://drive.google.com/file/d/1FOqSsMw3gHRRA_Gz29whqQdik3nbRcSy/view?usp=drivesdk","application/vnd.google-apps.shortcut","2026-01-12T17:00:09.294Z","AllyAI Agents/Agentic Customer Outreach"
"1UR601x_Vw1Y-A36XWhFcpaMIKhDteelz","video1230745459.mp4","https://drive.google.com/file/d/1UR601x_Vw1Y-A36XWhFcpaMIKhDteelz/view?usp=drivesdk","video/mp4","2025-10-15T17:43:46.114Z","Trainings/1st call Certification"
"1y6pQ_Xej-Ayrnvyv82kZ5GRRCdMXIq40p6j2TZDWrX4","Winning the next wave of search_How gen AI is reshaping retail_v1.1","https://docs.google.com/document/d/1y6pQ_Xej-Ayrnvyv82kZ5GRRCdMXIq40p6j2TZDWrX4/edit?usp=drivesdk","application/vnd.google-apps.document","2025-11-28T19:51:54.322Z","White Papers"
"1vT2WjqX8X0iIIGDzk67ioyz8JRIRxhAL","Winning the next wave of search_How gen AI is reshaping retail_v1.1.pdf","https://drive.google.com/file/d/1vT2WjqX8X0iIIGDzk67ioyz8JRIRxhAL/view?usp=drivesdk","application/pdf","2025-11-19T18:30:43.575Z","White Papers"
"1_8wPJxuSvHwgP6Zh6aYHg2Iyg3954zH941i-3wap9qY","Winning the next wave of search: How generative AI is reshaping retail_v1.1","https://docs.google.com/document/d/1_8wPJxuSvHwgP6Zh6aYHg2Iyg3954zH941i-3wap9qY/edit?usp=drivesdk","application/vnd.google-apps.document","2025-11-19T18:28:07.673Z","White Papers"