File Name,File ID,Has File ID,Vector Count,Modified Date,Last Sync Date,Created Date,Type,Web View Link
"[Aniket] Agentic Platform Customer Deck","1cZh9BEqucGuMreDLbi983jsJ6ieipm3ITB_ULLV2lBk","Yes","15","2026-03-06","2026-03-07","2025-12-18","application/vnd.google-apps.presentation","https://docs.google.com/presentation/d/1cZh9BEqucGuMreDLbi983jsJ6ieipm3ITB_ULLV2lBk/edit?usp=drivesdk"
"7","","No","12","","2026-01-22","","application/pdf","https://docs.google.com/presentation/d/1uzlv-HVGzBrcdU5aD9aW4ruHUGiE2IHBT0o0crcvK94/edit?usp=drivesdk"
"8/3 Ally 2 Training Deckv2","1OE9r6Mzj-Zf_YmoBlF_j5E1-PEszixzoZ4d0Z2Zm3Gs","Yes","16","2026-03-02","2026-03-04","2025-07-31","application/vnd.google-apps.presentation","https://docs.google.com/presentation/d/1OE9r6Mzj-Zf_YmoBlF_j5E1-PEszixzoZ4d0Z2Zm3Gs/edit?usp=drivesdk"
"AC Copilot - Competitive Intelligence","1Y4UywKXgAam6FGYGCBJebZPMR2PX-cxajdE8hlIIY14","Yes","13","2026-02-20","2026-02-21","2024-10-22","application/vnd.google-apps.presentation","https://docs.google.com/presentation/d/1Y4UywKXgAam6FGYGCBJebZPMR2PX-cxajdE8hlIIY14/edit?usp=drivesdk"
"Account Summary Slide - ABI.pdf","1XvpvrN7_kADqYFe47ylnJR3F-om2TU1V","Yes","9","2026-01-16","2026-01-22","2026-01-16","application/pdf","https://drive.google.com/file/d/1XvpvrN7_kADqYFe47ylnJR3F-om2TU1V/view?usp=drivesdk"
"Account Summary Slide - KC Canada.pdf","1pdmxXjyjQPWEt6jNYQwSDGnQfzBQaavP","Yes","7","2026-01-16","2026-01-22","2026-01-16","application/pdf","https://drive.google.com/file/d/1pdmxXjyjQPWEt6jNYQwSDGnQfzBQaavP/view?usp=drivesdk"
"Agent Pitch - Customer Presentation","","No","184","","2026-01-22","","application/pdf","https://docs.google.com/presentation/d/1Dp3Fx3TGE1I1l2XA-mgm9-rALcEZoeISgXnSL40G8xI/edit?usp=drivesdk"
"Agent Pitch - Customer PresentationV3","1vnbulKXEam0skTM35j-t9NZjGPizzUqtPIofBmSJElQ","Yes","25","2026-03-11","2026-03-12","2026-02-06","application/vnd.google-apps.presentation","https://docs.google.com/presentation/d/1vnbulKXEam0skTM35j-t9NZjGPizzUqtPIofBmSJElQ/edit?usp=drivesdk"
"Agent Product Hub","","No","16","","","","text/plain","https://docs.google.com/document/d/1J6qBG6orf29KRgsdSigkNvOYBHyPUaNY3dqsPidoHRw/edit?usp=drivesdk"
"AGO - Chorus Recording / Demo Video Links","1fwLWPNbVMpP8wOEyaYpkY75TTa0c7y5vrdZ2GztKXLs","Yes","1","2025-10-15","2026-01-22","2025-10-15","text/plain","https://docs.google.com/document/d/1fwLWPNbVMpP8wOEyaYpkY75TTa0c7y5vrdZ2GztKXLs/edit?usp=drivesdk"
"AI Goal Optimizer - External Customer Deck","19HptMAE3kaQhsIQsMd0x-cSL1_sHOzb6cAHebMBa2J4","Yes","8","2026-03-02","2026-03-03","2025-09-17","application/vnd.google-apps.presentation","https://docs.google.com/presentation/d/19HptMAE3kaQhsIQsMd0x-cSL1_sHOzb6cAHebMBa2J4/edit?usp=drivesdk"
"AI Goal Optimizer - Internal Training Deck V2","1icEP_MRHspJzIOkHHXA9heemdaOEIAvaugt_F2SG-Yw","Yes","21","2026-03-10","2026-03-11","2025-09-16","application/vnd.google-apps.presentation","https://docs.google.com/presentation/d/1icEP_MRHspJzIOkHHXA9heemdaOEIAvaugt_F2SG-Yw/edit?usp=drivesdk"
"AI Goal Optimizer Media Agent Sell Sheet June 2025","1YmUoZAs9usjPyYIv1WgLSBUGXdeF56K0","Yes","3","2026-02-23","2026-03-03","2025-08-18","application/pdf","https://drive.google.com/file/d/1YmUoZAs9usjPyYIv1WgLSBUGXdeF56K0/view?usp=drivesdk"
"Ally I Teammate Training","1nYPCt3ZJLtDZDm-y27jykNt0-2guUdURHk4iGgaYMno","Yes","6","2025-11-11","2026-03-04","2025-08-03","application/vnd.google-apps.presentation","https://docs.google.com/presentation/d/1nYPCt3ZJLtDZDm-y27jykNt0-2guUdURHk4iGgaYMno/edit?usp=drivesdk"
"Ally Training Deck 5/9","1ZxSGExOKRkpMJhynxUeecVBHtJ4aGIMBih6ZX75ZmA4","Yes","15","2025-09-19","2026-03-04","2025-04-30","application/vnd.google-apps.presentation","https://docs.google.com/presentation/d/1ZxSGExOKRkpMJhynxUeecVBHtJ4aGIMBih6ZX75ZmA4/edit?usp=drivesdk"
"AllyAI Agent Product Hub","1J6qBG6orf29KRgsdSigkNvOYBHyPUaNY3dqsPidoHRw","Yes","70","2026-03-10","2026-03-11","2026-02-11","application/vnd.google-apps.document","https://docs.google.com/document/d/1J6qBG6orf29KRgsdSigkNvOYBHyPUaNY3dqsPidoHRw/edit?usp=drivesdk"
"AllyAI Category Teammate","1uUruwGH6HqqgV_OA-q-NOe_pg6bVMDo3A5rHRq2hj1s","Yes","12","2026-03-03","2026-03-04","2025-05-09","application/vnd.google-apps.presentation","https://docs.google.com/presentation/d/1uUruwGH6HqqgV_OA-q-NOe_pg6bVMDo3A5rHRq2hj1s/edit?usp=drivesdk"
"AllyAI Content Agent_2nd Call Slides","15zKFbgUa2SS6H98tRWMQUEhsnxgAipegF8eErhLLjow","Yes","3","2026-02-24","2026-02-25","2026-02-06","application/vnd.google-apps.presentation","https://docs.google.com/presentation/d/15zKFbgUa2SS6H98tRWMQUEhsnxgAipegF8eErhLLjow/edit?usp=drivesdk"
"AllyAI Content Agent_archive","1Y_Uow7sGBwMLm3SA0ej2YLOUMQhjeRE-_6zSfkvwX4k","Yes","5","2026-03-02","2026-03-07","2025-12-12","application/vnd.google-apps.presentation","https://docs.google.com/presentation/d/1Y_Uow7sGBwMLm3SA0ej2YLOUMQhjeRE-_6zSfkvwX4k/edit?usp=drivesdk"
"AllyAI Content Agent_datasheet.pdf","18mgP0-_5ARrVL1yO2HE3rS6C9fuMO7jb","Yes","5","2026-02-24","2026-03-03","2026-02-24","application/pdf","https://drive.google.com/file/d/18mgP0-_5ARrVL1yO2HE3rS6C9fuMO7jb/view?usp=drivesdk"
"AllyAI Media Agent & Services","1kt0aXqqNaR3eKwuTFxab5muYVq5l-H2PllQ3XVr4YFs","Yes","6","2026-03-02","2026-03-03","2026-02-06","application/vnd.google-apps.presentation","https://docs.google.com/presentation/d/1kt0aXqqNaR3eKwuTFxab5muYVq5l-H2PllQ3XVr4YFs/edit?usp=drivesdk"
"AllyAI Media Teammate ","","No","5","","2026-01-22","","application/pdf","https://docs.google.com/presentation/d/1_m50KB13PrTeJe0p6QYHT9zlRwcALL1DuuP1GLq_f2g/edit?usp=drivesdk"
"AllyAI Media Teammate I 1-Click Report MBR MoM Example Generic ","","No","29","","2026-01-22","","application/pdf","https://docs.google.com/presentation/d/1rA9tZCkZpMBQ8onkwwQEIs3yliAMGMk9fvtptU1UpCs/edit?usp=drivesdk"
"AllyAI Product Hub","","No","14","","2026-01-22","","text/plain","https://docs.google.com/document/d/1MAP6MkhW7IZrAGWFLrFZHCSIT4B2E3cRj4DUscZyrMw/edit?usp=drivesdk"
"AllyAI Sales Agent 2nd Call Deck","1QZ2oSNQ9BVFRcntLSIkrJZjGFhEIJCvk00oD2MRIzL4","Yes","8","2026-03-12","2026-03-12","2026-02-11","application/vnd.google-apps.presentation","https://docs.google.com/presentation/d/1QZ2oSNQ9BVFRcntLSIkrJZjGFhEIJCvk00oD2MRIzL4/edit?usp=drivesdk"
"AllyAI Sales Teammate","1CxJFq3Y56UDNfCaQqaQAzflnyJ_UB86HGGE5BKxmFYc","Yes","6","2025-11-19","2026-03-04","2025-05-09","application/vnd.google-apps.presentation","https://docs.google.com/presentation/d/1CxJFq3Y56UDNfCaQqaQAzflnyJ_UB86HGGE5BKxmFYc/edit?usp=drivesdk"
"AllyAI Teammate I S&S Dashboard Example Generic ","1uhmhOXzmxE6Q9eznkbTMVnLo3bCnwZJWes8u_CAxC9A","Yes","2","2025-12-09","2026-03-04","2025-12-03","application/vnd.google-apps.presentation","https://docs.google.com/presentation/d/1uhmhOXzmxE6Q9eznkbTMVnLo3bCnwZJWes8u_CAxC9A/edit?usp=drivesdk"
"April 2024 - Internal Competitive Update Slides","1JkImyzIkVNClT-xWDBA4dtHHTpuFu6zDyTo01wDPbao","Yes","17","2024-05-13","2026-01-22","2024-04-30","application/pdf","https://docs.google.com/presentation/d/1JkImyzIkVNClT-xWDBA4dtHHTpuFu6zDyTo01wDPbao/edit?usp=drivesdk"
"Ascential/Omnicom Competitive Battle Card (Updated May 2024)","13WUXmDPUpxXHK0CG-EWKukO3pShZXjGz30K9W7G9T6U","Yes","62","2024-08-07","2026-01-22","2023-12-01","application/pdf","https://docs.google.com/presentation/d/13WUXmDPUpxXHK0CG-EWKukO3pShZXjGz30K9W7G9T6U/edit?usp=drivesdk"
"Brand-Level Incrementality Pitch Deck June 25 Internal","1MSlgR_NDlyKjKa18jiZP5S435WuwQ18f0hmrRq-eW_0","Yes","4","2025-11-14","2026-03-04","2025-06-18","application/vnd.google-apps.presentation","https://docs.google.com/presentation/d/1MSlgR_NDlyKjKa18jiZP5S435WuwQ18f0hmrRq-eW_0/edit?usp=drivesdk"
"Britax Account Summary Slide.pdf","1UrSYThv-P1-a1xXT6CcKpA5HLuagxi3V","Yes","6","2026-01-16","2026-01-22","2026-01-16","application/pdf","https://drive.google.com/file/d/1UrSYThv-P1-a1xXT6CcKpA5HLuagxi3V/view?usp=drivesdk"
"Case Study Slide Library - Copilot, DSO, RMM, Ally","","No","1446","","","","application/pdf","https://docs.google.com/presentation/d/1AKgrmgU_a3wvFJPsMfhjshmIIDURdtxEnfnRuyOSYOE/edit?usp=drivesdk"
"CategoryIQ-IndustryReport-StuffedToys","1oe5hjcvUGKF7ipy7sjr2O6L3DZ_OxmVBWm2WewhuNgI","Yes","6","2025-11-20","2026-03-04","2025-11-20","application/vnd.google-apps.presentation","https://docs.google.com/presentation/d/1oe5hjcvUGKF7ipy7sjr2O6L3DZ_OxmVBWm2WewhuNgI/edit?usp=drivesdk"
"chargeguard by Carbon6 Competitive Overview","1IRVGj4pNK_gKw2G495ocxfz45DR9oh6h6CagWeZ4hZg","Yes","7","2024-04-25","2026-01-22","2024-03-05","text/plain","https://docs.google.com/document/d/1IRVGj4pNK_gKw2G495ocxfz45DR9oh6h6CagWeZ4hZg/edit?usp=drivesdk"
"Choosing ESM over Pacvue Commerce","1Wmw4Z9dfIqxyluqdgCvlXvt0KxWhMqH8mjVvdUHWh08","Yes","4","2024-03-06","2026-01-22","2023-10-23","application/pdf","https://docs.google.com/presentation/d/1Wmw4Z9dfIqxyluqdgCvlXvt0KxWhMqH8mjVvdUHWh08/edit?usp=drivesdk"
"Chorus Recording Link","1AynzGDXQmOqGd0snkWGKgX3CyAglve2ICpt-LsDbh8U","Yes","1","2025-10-15","2026-01-22","2025-10-15","text/plain","https://docs.google.com/document/d/1AynzGDXQmOqGd0snkWGKgX3CyAglve2ICpt-LsDbh8U/edit?usp=drivesdk"
"CIQ Amazon Prime Big Deal Day Insights 2025","","No","60","","2026-01-22","","application/pdf","https://docs.google.com/presentation/d/1bQ3JLoAoEf6sD2bclfXp6pPLxKfHoA6N7DUtJWl4y-k/edit?usp=drivesdk"
"CIQ_PMF_Signal_Report_Mar3-9_2026.pdf","1n7O4sdZBnk5K_JFQSJ2ea5mTqPXC40Mk","Yes","14","2026-03-10","2026-03-11","2026-03-10","application/pdf","https://drive.google.com/file/d/1n7O4sdZBnk5K_JFQSJ2ea5mTqPXC40Mk/view?usp=drivesdk"
"CommerceIQ Copilot for Amazon - Product Box August 25 Internal","1N6kZbFtmBq8PV4wIeJ4r4J0WXzTiw4ENMc5erjpdQ0E","Yes","76","2026-02-23","2026-03-07","2024-10-09","application/vnd.google-apps.document","https://docs.google.com/document/d/1N6kZbFtmBq8PV4wIeJ4r4J0WXzTiw4ENMc5erjpdQ0E/edit?usp=drivesdk"
"CommerceIQ Copilot for Amazon - Product Features ","","No","32","","2026-01-22","","application/pdf","https://docs.google.com/presentation/d/1BH5OgDHepWhXc8Tb8NwRzb1Gwa-Y-fzvf-abaD5zZrE/edit?usp=drivesdk"
"CommerceIQ Copilot for Amazon - Product Hub August 25 Internal","1j42nVLn0IoNNWB4ytPAlKxaxt7qiO05J0r1NXF3ajpc","Yes","5","2025-11-06","2026-03-04","2025-08-18","application/vnd.google-apps.document","https://docs.google.com/document/d/1j42nVLn0IoNNWB4ytPAlKxaxt7qiO05J0r1NXF3ajpc/edit?usp=drivesdk"
"CommerceIQ Copilot for Amazon - Second Call Deck","","No","230","2025-12-09","2026-01-22","2025-09-25","application/pdf","https://docs.google.com/presentation/d/1VXRFV4-I2q_XXPlG7juo2TA7MkXZhghkvizOEOnNk00/edit?usp=drivesdk"
"CommerceIQ-2025-Year-in-review-The State of-Retail-Ecommerce-report-Lookback.pdf","","No","144","","","","application/pdf","https://drive.google.com/file/d/1XAB1UbXwg2k47o339A7Cbix8Fo2aqJr5/view?usp=drivesdk"
"CommerceIQ-CategoryIQ-Hair-Styling-April-2025","1l-vCwZQ9xrK-lg6dZ9ZbjPyVPxMLiQUQ1fjP0RAhzgw","Yes","8","2025-11-20","2026-03-04","2025-11-20","application/vnd.google-apps.presentation","https://docs.google.com/presentation/d/1l-vCwZQ9xrK-lg6dZ9ZbjPyVPxMLiQUQ1fjP0RAhzgw/edit?usp=drivesdk"
"CommerceIQ-CategoryIQ-Liquid-Body-Wash-April-2025","14JbaX-O_evmuIo_FYZ7gmCJsNBZkRMPa9dKeV-BlHQ0","Yes","9","2025-11-20","2026-03-04","2025-11-20","application/vnd.google-apps.presentation","https://docs.google.com/presentation/d/14JbaX-O_evmuIo_FYZ7gmCJsNBZkRMPa9dKeV-BlHQ0/edit?usp=drivesdk"
"CommerceIQ-ContentStyleGuide.pdf","13o95ZN7b287KQbJ4qogNlaB6kLpM_S4H","Yes","13","2025-12-11","2026-01-22","2024-10-09","application/pdf","https://drive.google.com/file/d/13o95ZN7b287KQbJ4qogNlaB6kLpM_S4H/view?usp=drivesdk"
"CommerceIQ-Prime-Big-Deal-Days-2025-Report","1dQ4Ui4qMXCW-gJ-c-oGwjwxHe41p0ePnSrdaIDTUbGo","Yes","60","2025-11-20","2026-03-04","2025-11-20","application/vnd.google-apps.presentation","https://docs.google.com/presentation/d/1dQ4Ui4qMXCW-gJ-c-oGwjwxHe41p0ePnSrdaIDTUbGo/edit?usp=drivesdk"
"CommerceIQ-Prime-Day-2024-Insights","1-q2LxrtTOooTbU3guxAK8RjUXSqKxt1ZeoDtnhIrzZA","Yes","29","2025-11-20","2026-03-04","2025-11-20","application/vnd.google-apps.presentation","https://docs.google.com/presentation/d/1-q2LxrtTOooTbU3guxAK8RjUXSqKxt1ZeoDtnhIrzZA/edit?usp=drivesdk"
"CommerceIQ-Quarterly-Industry-Trends-2025-Q1-report-April-2025-va","1iy4dRWKUOY-97vb00f9hDXszQ74XBQkreNICPMD5JBw","Yes","37","2025-11-20","2026-02-14","2025-11-20","application/vnd.google-apps.presentation","https://docs.google.com/presentation/d/1iy4dRWKUOY-97vb00f9hDXszQ74XBQkreNICPMD5JBw/edit?usp=drivesdk"
"CommerceIQ-The-State-of-retail-Ecommerce-Q3-2025-report-Sept-va.pdf","1DlVgZ7L64Ui_G9AS1lv-YdjY7gf59rnR","Yes","35","2025-11-20","","2025-11-20","application/pdf","https://drive.google.com/file/d/1DlVgZ7L64Ui_G9AS1lv-YdjY7gf59rnR/view?usp=drivesdk"
"Competition - Comparison Across Products","1ANNJCUP8it3vnUY5-5WPnf-BHU9LUB01nPvjqfDfBe8","Yes","4","2023-06-01","2026-01-22","2023-06-01","application/pdf","https://docs.google.com/presentation/d/1ANNJCUP8it3vnUY5-5WPnf-BHU9LUB01nPvjqfDfBe8/edit?usp=drivesdk"
"Competitive Comparisons","1HRjFsZMuSaYpiTZJaBUskplFvOO6mOYkeh9dbwS8dNU","Yes","4","2024-07-25","2026-01-22","2024-07-25","application/pdf","https://docs.google.com/presentation/d/1HRjFsZMuSaYpiTZJaBUskplFvOO6mOYkeh9dbwS8dNU/edit?usp=drivesdk"
"Comprehensive Prime Day Report July 2024","10IBSw-YGlYVC5z-7_X5oCde5ZArdPanDm65Eiky52rc","Yes","113","2025-11-20","2026-03-04","2025-11-20","application/vnd.google-apps.presentation","https://docs.google.com/presentation/d/10IBSw-YGlYVC5z-7_X5oCde5ZArdPanDm65Eiky52rc/edit?usp=drivesdk"
"Content Agent FAQ","1k65CnPFcC4C4Xn4WupAX11scdADL1BYHQlA3t_RTpR4","Yes","4","2025-12-12","2026-01-22","2025-12-11","text/plain","https://docs.google.com/document/d/1k65CnPFcC4C4Xn4WupAX11scdADL1BYHQlA3t_RTpR4/edit?usp=drivesdk"
"Content Agent Messaging Framework","1RQIltQVN7XE4uEUHziILcqDtpqHkEkDbjH22KRknIeU","Yes","1","2026-03-02","2026-03-03","2026-01-20","application/vnd.google-apps.document","https://docs.google.com/document/d/1RQIltQVN7XE4uEUHziILcqDtpqHkEkDbjH22KRknIeU/edit?usp=drivesdk"
"Content Agent Training Deck","1JtVl-TJ1-2QUl0CLVzes_YZYDGZGd86AJlHVnPvhso0","Yes","16","2026-02-04","2026-02-08","2025-12-09","application/vnd.google-apps.presentation","https://docs.google.com/presentation/d/1JtVl-TJ1-2QUl0CLVzes_YZYDGZGd86AJlHVnPvhso0/edit?usp=drivesdk"
"Data Impact Comparison","1VT92b_iG7yNa_CaAMG3NoDurIgGDLKFzRqxt2k2sI20","Yes","3","2023-07-21","2026-01-22","2023-07-21","application/pdf","https://docs.google.com/presentation/d/1VT92b_iG7yNa_CaAMG3NoDurIgGDLKFzRqxt2k2sI20/edit?usp=drivesdk"
"Data Impact Competitive Battle Card_111025","","No","80","","2026-01-22","","application/pdf","https://docs.google.com/presentation/d/1r5PSFY13xuJcn3h0afyAI2Mc5LlxuOGpkxkf6RxFbZU/edit?usp=drivesdk"
"Databricks Competitive Comparison & Overview","1jckmA_8JEEwTzxVWg9KlGV98YwgyDNi7crNZ4HKp-ys","Yes","6","2024-05-21","2026-01-22","2024-05-17","text/plain","https://docs.google.com/document/d/1jckmA_8JEEwTzxVWg9KlGV98YwgyDNi7crNZ4HKp-ys/edit?usp=drivesdk"
"Demo_Content Agent","13uwOSAVOPNJALbyX3givIDoAdRi987o48V_iUfQ8_Qg","Yes","2","2026-03-02","2026-03-03","2026-02-11","application/vnd.google-apps.document","https://docs.google.com/document/d/13uwOSAVOPNJALbyX3givIDoAdRi987o48V_iUfQ8_Qg/edit?usp=drivesdk"
"Demo_Sales Agent Script","1_Pgat_9rcuve3EmEJNVzOfQ5pyuzEGCIgcCPp1OOMlY","Yes","2","2026-03-11","2026-03-12","2026-03-09","application/vnd.google-apps.document","https://docs.google.com/document/d/1_Pgat_9rcuve3EmEJNVzOfQ5pyuzEGCIgcCPp1OOMlY/edit?usp=drivesdk"
"Dexi Competitive Overview","1tVVxqblqjbN-NwxXdz-HUwxlvoR0Yp9AgH1xH46DKL8","Yes","5","2024-05-13","2026-01-22","2024-04-25","text/plain","https://docs.google.com/document/d/1tVVxqblqjbN-NwxXdz-HUwxlvoR0Yp9AgH1xH46DKL8/edit?usp=drivesdk"
"Digital Shelf Optimization - Competitive Intelligence","1xuKZj_eU0Lh0eJf7YcVhBuPGycK93UUmZ8pq722pmqQ","Yes","32","2025-10-16","2026-01-22","2024-10-17","application/pdf","https://docs.google.com/presentation/d/1xuKZj_eU0Lh0eJf7YcVhBuPGycK93UUmZ8pq722pmqQ/edit?usp=drivesdk"
"Dimetyd Battle Card (Updated Dec 23)","1HrSDLMR717Y25Bir8aqUf6xq7o5PvCL2SAahBm9rpsA","Yes","14","2024-01-22","2026-01-22","2023-11-02","application/pdf","https://docs.google.com/presentation/d/1HrSDLMR717Y25Bir8aqUf6xq7o5PvCL2SAahBm9rpsA/edit?usp=drivesdk"
"DRAFT CommerceIQ Media Agent - Product Box January 26 Internal","","No","83","","","","text/plain","https://docs.google.com/document/d/1sHTaStv5-IrFjyIhcQkrRTBS77lfKGKt75UI1dI9vxM/edit?usp=drivesdk"
"DRAFT CommerceIQ Sales Agent - Product Box January 26 Internal","","No","131","","","","text/plain","https://docs.google.com/document/d/1WU6dSPrlYF8wGmmKgZVRUxBIq33PhbZL8gMOmyp777Q/edit?usp=drivesdk"
"DSO Product Description_v2.1_Jul2025_INTERNAL","1nmzdRQLvuUUsVg9YefmjRxavjlxY_wiJPr7ECrVb8Fo","Yes","174","2026-03-02","2026-03-03","2026-01-15","application/vnd.google-apps.document","https://docs.google.com/document/d/1nmzdRQLvuUUsVg9YefmjRxavjlxY_wiJPr7ECrVb8Fo/edit?usp=drivesdk"
"DSO_2nd Call Deck","","No","51","","","","application/pdf","https://docs.google.com/presentation/d/13ivKA010WzowgssKSpEkZnpk_px9OFaZECiWDHJLKkg/edit?usp=drivesdk"
"DSO_Automated Product Tagging Process","","No","3","2025-12-10","2026-01-22","2025-11-05","text/plain","https://docs.google.com/document/d/1_mAB5MCV9tpEQ3WrPbq-eM6-Eh81ULwxyqFtJ1lQg5c/edit?usp=drivesdk"
"DSO_Key Prod Slides","","No","53","","2026-01-22","","application/pdf","https://docs.google.com/presentation/d/1W1xtAvzkJqpbFB6WOtsPmxjcsvfPLVg5TyB1ap6cjTg/edit?usp=drivesdk"
"DSO_New Search Metrics_Product Update.pdf","1Zishdvf-2V7sXyD8WYSw0LXjdpOc9mrf","Yes","15","2025-11-06","2026-03-04","2025-09-19","application/pdf","https://drive.google.com/file/d/1Zishdvf-2V7sXyD8WYSw0LXjdpOc9mrf/view?usp=drivesdk"
"DSO_Release Notes: Auto Product Tagging (Internal)","","No","3","2025-11-06","2026-01-22","2025-11-05","text/plain","https://docs.google.com/document/d/1HhZCBIzskvFR7LauZgeolGZWhD0FK4McoSJX2iyZqSU/edit?usp=drivesdk"
"Ecommerce Sales Management Talk Track April 25 Internal","1zVrsnSHClQ1aFo1M2Hgwtl1yyKKZO_CkOiqukcjpw8I","Yes","4","2025-08-21","2026-03-04","2023-07-06","application/vnd.google-apps.document","https://docs.google.com/document/d/1zVrsnSHClQ1aFo1M2Hgwtl1yyKKZO_CkOiqukcjpw8I/edit?usp=drivesdk"
"Expert Insights FAQ - Internal","1_l8U7aqQ-wpRgJcG_2pUquRSCH_R0l26nzd4qks7Rkc","Yes","6","2025-10-06","2026-01-22","2025-09-09","text/plain","https://docs.google.com/document/d/1_l8U7aqQ-wpRgJcG_2pUquRSCH_R0l26nzd4qks7Rkc/edit?usp=drivesdk"
"ExpertIQ Training Deck Internal","1x0EnJT04my13Ug6EaB6tZsoTAgm-B2RSZ8bAbCANuGo","Yes","35","2026-02-13","2026-02-14","2025-09-08","application/vnd.google-apps.presentation","https://docs.google.com/presentation/d/1x0EnJT04my13Ug6EaB6tZsoTAgm-B2RSZ8bAbCANuGo/edit?usp=drivesdk"
"ExpertIQ-Datasheet.pdf","1fzWmkrGyBidwiC8ckT80ZUpfjJGV8Uul","Yes","3","2025-10-06","2026-01-22","2025-10-01","application/pdf","https://drive.google.com/file/d/1fzWmkrGyBidwiC8ckT80ZUpfjJGV8Uul/view?usp=drivesdk"
"First Call & Content Agent Certification","1dvFn0dg_IphiLRNTMMuljNhZ2lMEKGebDxoRILMObE0","Yes","4","2026-03-04","2026-03-05","2026-02-12","application/vnd.google-apps.presentation","https://docs.google.com/presentation/d/1dvFn0dg_IphiLRNTMMuljNhZ2lMEKGebDxoRILMObE0/edit?usp=drivesdk"
"First Call Deck - Agentic Commerce","","No","80","","","","application/pdf","https://docs.google.com/presentation/d/1OTAKoxgOvSILDwYb6ev6mzJoVm9EBH8eePk3XL5v_mE/edit?usp=drivesdk"
"First Call Deck - Agentic Retail","","No","32","","","","application/pdf","https://docs.google.com/presentation/d/1OTAKoxgOvSILDwYb6ev6mzJoVm9EBH8eePk3XL5v_mE/edit?usp=drivesdk"
"First Call Deck - Agents","","No","84","","","","application/pdf","https://docs.google.com/presentation/d/1YpIABoaaU9mLa3OwAPWp2z0R9Vj0IK76WupcAos73sM/edit?usp=drivesdk"
"First Call Deck - Retail AI","","No","60","","","","application/pdf","https://docs.google.com/presentation/d/1KqFgvy7q1kWomwWKjYL6Qs_m8CADPQQ4TppG8GBTthI/edit?usp=drivesdk"
"Flywheel comparison","1cfV_pMIB3IopA7BUwv_MmnqEWCJdVmpLaw80PBNhgeU","Yes","4","2023-07-17","2026-01-22","2023-06-07","application/pdf","https://docs.google.com/presentation/d/1cfV_pMIB3IopA7BUwv_MmnqEWCJdVmpLaw80PBNhgeU/edit?usp=drivesdk"
"Helium10 Comparison","1rHrAXhAUL47JPp0l2cn2d1NTkW7Q5mQL8dTANoYZ2Ro","Yes","3","2024-05-28","2026-01-22","2023-06-08","application/pdf","https://docs.google.com/presentation/d/1rHrAXhAUL47JPp0l2cn2d1NTkW7Q5mQL8dTANoYZ2Ro/edit?usp=drivesdk"
"Henkel: Winning the next wave of search: How generative AI is reshaping retail","1yUxycedNputTb3wHDuQF25sRt4FxqN1WG-nQe0TOKnE","Yes","20","2025-11-14","2026-01-22","2025-11-14","text/plain","https://docs.google.com/document/d/1yUxycedNputTb3wHDuQF25sRt4FxqN1WG-nQe0TOKnE/edit?usp=drivesdk"
"ICP 1,2,3 Definitions","1NTJ0XU3y_hoNzHP-VguvGHbqFGD-hKrIIOX8gJ4eL9Y","Yes","1","2025-12-12","2026-01-22","2025-12-10","application/pdf","https://docs.google.com/presentation/d/1NTJ0XU3y_hoNzHP-VguvGHbqFGD-hKrIIOX8gJ4eL9Y/edit?usp=drivesdk"
"IndustryTrends-TheStateofRetailEcomm-Q3","1JmOOEArkirr9FLw32PRkjjRsiYfBbRVoHV43RNqRKpw","Yes","41","2025-11-20","2026-03-04","2025-11-20","application/vnd.google-apps.presentation","https://docs.google.com/presentation/d/1JmOOEArkirr9FLw32PRkjjRsiYfBbRVoHV43RNqRKpw/edit?usp=drivesdk"
"Internal Competitive & Industry Experience SMEs ","","No","74","","2026-01-22","","text/csv","https://docs.google.com/spreadsheets/d/1O-miPrCS1KF1uEbQ6JyBRfPZCSv26PMfiCK2n19Gyto/edit?usp=drivesdk"
"Market Share Talk Track April 25 Internal","1StAbCefugktgs9k2B4VCEJPr8KHpWiQDLNf0f9w60Qo","Yes","5","2025-08-21","2026-03-04","2023-07-06","application/vnd.google-apps.document","https://docs.google.com/document/d/1StAbCefugktgs9k2B4VCEJPr8KHpWiQDLNf0f9w60Qo/edit?usp=drivesdk"
"May 2024 - Internal Competitive Update Slides","1YLmJsIiY_Gdn9v1iN0vdR0bnPcKbnNgZRge8e2yO8Oc","Yes","42","2024-05-28","2026-01-22","2024-05-21","application/pdf","https://docs.google.com/presentation/d/1YLmJsIiY_Gdn9v1iN0vdR0bnPcKbnNgZRge8e2yO8Oc/edit?usp=drivesdk"
"Media Agent 1-Click Report MBR MoM Example Generic ","","No","129","","","","application/pdf","https://docs.google.com/presentation/d/1rA9tZCkZpMBQ8onkwwQEIs3yliAMGMk9fvtptU1UpCs/edit?usp=drivesdk"
"MLA Search Overview","1n4dtzZW06eX3s2uX05semZDoCh2qu3e9o1R43yX3hug","Yes","6","2026-02-18","2026-03-04","2026-02-13","application/vnd.google-apps.document","https://docs.google.com/document/d/1n4dtzZW06eX3s2uX05semZDoCh2qu3e9o1R43yX3hug/edit?usp=drivesdk"
"Pacvue Commerce","156Q3rD7XuaJRfdOZt1f8BaY2cSvVJAcazNCQpKDOfjU","Yes","1","2024-03-06","2026-01-22","2023-06-01","application/pdf","https://docs.google.com/presentation/d/156Q3rD7XuaJRfdOZt1f8BaY2cSvVJAcazNCQpKDOfjU/edit?usp=drivesdk"
"Pacvue Competitive Battle Card - ESM (Updated Sept 25)","1dquNJTKdp6uQvWJitTmoyG7vf4VIawMhPkk_lTMHKX0","Yes","45","2025-12-11","2026-01-22","2025-12-11","application/pdf","https://docs.google.com/presentation/d/1dquNJTKdp6uQvWJitTmoyG7vf4VIawMhPkk_lTMHKX0/edit?usp=drivesdk"
"Pacvue Competitive Battle Card (Updated Sept 24)","","No","40","","2026-01-22","","application/pdf","https://docs.google.com/presentation/d/1VA967qiUDFUC69AXPFGOcQ0B85KBK5d3o5rb0W9BCAA/edit?usp=drivesdk"
"Pacvue RMM Comparison","1G1yJXrTDLm8YRpTIGeSPZ__c_9FNVDI0q6NpV-73FoE","Yes","3","2024-03-06","2026-01-22","2023-06-01","application/pdf","https://docs.google.com/presentation/d/1G1yJXrTDLm8YRpTIGeSPZ__c_9FNVDI0q6NpV-73FoE/edit?usp=drivesdk"
"Press Deck - Agentic Commerce","","No","122","","","","application/pdf","https://docs.google.com/presentation/d/1kNB0QuoC1EDCMB4JHxQO0nfTWPEeXfOV_oEjUxN4XzA/edit?usp=drivesdk"
"Product Box: AllyAI SalesAgent & Services","1GKR5i2wDDEBKIzuGGhx8R3Joqka6qV2GAAqh2JzOKlw","Yes","19","2026-03-05","2026-03-06","2026-02-07","application/vnd.google-apps.document","https://docs.google.com/document/d/1GKR5i2wDDEBKIzuGGhx8R3Joqka6qV2GAAqh2JzOKlw/edit?usp=drivesdk"
"Product Box: Content Agent","1fOQ1xZG1lxsJ-lhCAXnWBFYNh4FsELJB_fcEMCOdRmU","Yes","13","2026-03-02","2026-03-03","2026-01-15","application/vnd.google-apps.document","https://docs.google.com/document/d/1fOQ1xZG1lxsJ-lhCAXnWBFYNh4FsELJB_fcEMCOdRmU/edit?usp=drivesdk"
"Product Box: Shelf Agent","1az4xXzI0P9ZEkA8hYegZlJ6sDRBS_1_JJZntf0DK1DI","Yes","9","2026-03-05","2026-03-06","2026-02-27","application/vnd.google-apps.document","https://docs.google.com/document/d/1az4xXzI0P9ZEkA8hYegZlJ6sDRBS_1_JJZntf0DK1DI/edit?usp=drivesdk"
"Product Success Plan + Training Deck Internal WIP","1OLdvvxuSFyc2eeBgmazj8dpf13yogTtqkzPnfOP8hmg","Yes","13","2026-01-15","2026-01-22","2025-10-08","application/vnd.google-apps.presentation","https://docs.google.com/presentation/d/1OLdvvxuSFyc2eeBgmazj8dpf13yogTtqkzPnfOP8hmg/edit?usp=drivesdk"
"Profit Recovery Automation Talk Track April 25 Internal","1QVjKwi0poyECTEboY5O7uMRP7t1poamPo1SczOPDyf0","Yes","4","2025-08-21","2026-03-04","2023-07-06","application/vnd.google-apps.document","https://docs.google.com/document/d/1QVjKwi0poyECTEboY5O7uMRP7t1poamPo1SczOPDyf0/edit?usp=drivesdk"
"Profitero Competitive Battle Card_101525 (Upadated Oct 2025)","","No","36","","2026-01-22","","application/pdf","https://docs.google.com/presentation/d/1esvEvZ79ebaKdfF32_u7Jiq_CyOwCnjtBhw0O0s3AaY/edit?usp=drivesdk"
"Profitero Competitive Battle Card_101525 (Updated Oct 2025)","","No","36","","","","application/pdf","https://docs.google.com/presentation/d/1esvEvZ79ebaKdfF32_u7Jiq_CyOwCnjtBhw0O0s3AaY/edit?usp=drivesdk"
"Quartile - Competitive Overview","1C-84_-wMXEXQvW5qRhB3CuF5MmVL4gp-CYcr71NCIvM","Yes","9","2024-06-06","2026-01-22","2024-06-05","text/plain","https://docs.google.com/document/d/1C-84_-wMXEXQvW5qRhB3CuF5MmVL4gp-CYcr71NCIvM/edit?usp=drivesdk"
"Retail Media - Competitive Intelligence","1VSQuSIaMSTemiQk-3juknVUE4rTmEmMzJF3GDobiqss","Yes","57","2024-10-21","2026-01-22","2024-10-21","application/pdf","https://docs.google.com/presentation/d/1VSQuSIaMSTemiQk-3juknVUE4rTmEmMzJF3GDobiqss/edit?usp=drivesdk"
"Retail Media Management Talk Track","1lOoeG_MOemwZimoISBHkkuwH5ik4zT4CJ6TBfDnCigs","Yes","5","2025-04-11","2026-03-04","2023-07-06","application/vnd.google-apps.document","https://docs.google.com/document/d/1lOoeG_MOemwZimoISBHkkuwH5ik4zT4CJ6TBfDnCigs/edit?usp=drivesdk"
"RMM Blog Prime Day Incrementality August 25","1U5J8nYKv2aQCtdh9hipUwZ9LnuG_o9Uv3LsVB2O747s","Yes","7","2025-08-21","2026-03-04","2025-08-05","application/vnd.google-apps.document","https://docs.google.com/document/d/1U5J8nYKv2aQCtdh9hipUwZ9LnuG_o9Uv3LsVB2O747s/edit?usp=drivesdk"
"RMM First Call Deck ","","No","11","","2026-01-22","","application/pdf","https://docs.google.com/presentation/d/1Y_Rpyro9KsB0Av8fuoIMDearwUaFOz9FFYbz-8vbg-I/edit?usp=drivesdk"
"RMM First Call Deck April 25 - Part 1","","No","32","2025-11-14","2026-01-22","2025-09-24","application/pdf","https://docs.google.com/presentation/d/16SoUBwHk-ujwzrE59Jzdnzd3KfT-Lp7ls2QlryGkcvA/edit?usp=drivesdk"
"RMM First Call Deck April 25 - Part 2","","No","6","2025-09-25","2026-01-22","2025-09-25","application/pdf","https://docs.google.com/presentation/d/1dO73ol-VnpWeuhAKtFs0N22S6n1Q30p2R_dXO0gqa9g/edit?usp=drivesdk"
"RMM Key Product Capabilities ","","No","44","","","","application/pdf","https://docs.google.com/presentation/d/1conVvKYbtQymKCePCwwJ1X4jZrPwtn1tuXw25h0-i0U/edit?usp=drivesdk"
"RMM Messaging Framework July 25 Internal","1-ZYpcFaEFDOkxXOxy1OmsTTXE-sYz5NM6GvmZwRsbAE","Yes","1","2025-10-27","2026-03-04","2025-07-28","application/vnd.google-apps.document","https://docs.google.com/document/d/1-ZYpcFaEFDOkxXOxy1OmsTTXE-sYz5NM6GvmZwRsbAE/edit?usp=drivesdk"
"RMM Product Box July 25 Internal","","No","92","","2026-01-22","","text/plain","https://docs.google.com/document/d/164Cr-A5tQayncjqFaRzIL3_G-gswu8wCoSntfO96YPA/edit?usp=drivesdk"
"RMM Product FAQ July 25 Internal","1zAmjuRohBZZ4KJWTw8E4cIZeDKuhXRXgJeh6PZK7ck8","Yes","12","2025-08-21","2026-03-04","2025-05-29","application/vnd.google-apps.document","https://docs.google.com/document/d/1zAmjuRohBZZ4KJWTw8E4cIZeDKuhXRXgJeh6PZK7ck8/edit?usp=drivesdk"
"RMM Second call deck_Archive","1PnyetK3P8BjeWlb8D-3G3iBjUc_ZTaHBwonikDqSgdU","Yes","22","2026-03-03","2026-03-07","2024-08-23","application/vnd.google-apps.presentation","https://docs.google.com/presentation/d/1PnyetK3P8BjeWlb8D-3G3iBjUc_ZTaHBwonikDqSgdU/edit?usp=drivesdk"
"Sales Agent & Services Datasheet Draft Jan 25","1YI9WhZnU1rfnu29-m0hi8EZpaNHkqOH7NsmnjEbbmzI","Yes","4","2026-02-24","2026-03-04","2026-01-30","application/vnd.google-apps.document","https://docs.google.com/document/d/1YI9WhZnU1rfnu29-m0hi8EZpaNHkqOH7NsmnjEbbmzI/edit?usp=drivesdk"
"Shalion Competitive Comparison","1mFqLkUQq2lfegCTqKIQA6jacVWre4fwonrLaJ0GwOFg","Yes","5","2024-09-19","2026-01-22","2024-08-08","text/plain","https://docs.google.com/document/d/1mFqLkUQq2lfegCTqKIQA6jacVWre4fwonrLaJ0GwOFg/edit?usp=drivesdk"
"Shelf Agent Training","13wWsiBNRTIVucyWrBcIeLgQtC9eu--6YxKpKY1pWmfU","Yes","5","2026-03-10","2026-03-11","2026-02-25","application/vnd.google-apps.presentation","https://docs.google.com/presentation/d/13wWsiBNRTIVucyWrBcIeLgQtC9eu--6YxKpKY1pWmfU/edit?usp=drivesdk"
"Skai Comparison","1gL4Ew9F9-xJRCPEMGrZun6TwJnZXYlu-55rbbJriAM0","Yes","3","2023-07-14","2026-01-22","2023-06-08","application/pdf","https://docs.google.com/presentation/d/1gL4Ew9F9-xJRCPEMGrZun6TwJnZXYlu-55rbbJriAM0/edit?usp=drivesdk"
"Skai Competitive Battle Card (Updated Sept 2024)","144vl17SkkyprH9ywJUZ8O_svpswmzUlEXf3bf3zbhE8","Yes","26","2024-10-21","2026-01-22","2023-11-15","application/pdf","https://docs.google.com/presentation/d/144vl17SkkyprH9ywJUZ8O_svpswmzUlEXf3bf3zbhE8/edit?usp=drivesdk"
"Stackline Comparison","1loydBk1pPRdeXHN16ASUrkAfd_tu71SuGqeFDoPu35E","Yes","8","2023-10-25","2026-01-22","2023-06-01","application/pdf","https://docs.google.com/presentation/d/1loydBk1pPRdeXHN16ASUrkAfd_tu71SuGqeFDoPu35E/edit?usp=drivesdk"
"Stackline Competitive Battle Card (Updated August 2025)","","No","24","2025-11-11T19:22:20.024Z","2026-01-22","2025-08-08T21:26:23.607Z","application/pdf","https://docs.google.com/presentation/d/1wBd8aMTqORuzwH4q7CfLqWxliJXMYuv8YbwFRps9Dgg/edit?usp=drivesdk"
"Stackline Competitive Battle Card (Updated July 2024)","","No","57","","2026-01-22","","application/pdf","https://docs.google.com/presentation/d/1qbtVLO6-bV3aYgVqJ1IDOkaNZ5DLbEars5Lyf_UetrQ/edit?usp=drivesdk"
"SupplyPike Competitive Battle Card WIP (Updated Oct 2025)","1MDn7_khrcZmWA84Vr_rP4H-pWsyWZJxcqpWDOBRaL1o","Yes","7","2025-10-20","2026-01-22","2025-10-17","application/pdf","https://docs.google.com/presentation/d/1MDn7_khrcZmWA84Vr_rP4H-pWsyWZJxcqpWDOBRaL1o/edit?usp=drivesdk"
"Teikametrics Comparison","16DCsGMLvvzsk7NT5XEGn7rUoetihb5uuGqpZCsgVb8M","Yes","3","2023-06-08","2026-01-22","2023-06-08","application/pdf","https://docs.google.com/presentation/d/16DCsGMLvvzsk7NT5XEGn7rUoetihb5uuGqpZCsgVb8M/edit?usp=drivesdk"
"Tinuiti Comparison","1qFM6h96qRKPP8zzh5MvSxwlSxnpw1s2qak2wgtFVOvs","Yes","3","2023-06-08","2026-01-22","2023-06-08","application/pdf","https://docs.google.com/presentation/d/1qFM6h96qRKPP8zzh5MvSxwlSxnpw1s2qak2wgtFVOvs/edit?usp=drivesdk"
"Tinuiti Competitive Battle Card (Updated Dec 23)","11yIo8iI1X2V7s1qDuZki-__d1U9wmAk6wSpafIxiM6s","Yes","19","2023-12-08","2026-01-22","2023-11-15","application/pdf","https://docs.google.com/presentation/d/11yIo8iI1X2V7s1qDuZki-__d1U9wmAk6wSpafIxiM6s/edit?usp=drivesdk"
"Why DSO is Different","","No","8","","","","application/pdf","https://docs.google.com/presentation/d/1D44RGvRsk20aLcbuTO2RvFyn3Pqa1L69SG9yfqxFDAw/edit?usp=drivesdk"