File Name,File ID,Has File ID,Created Date,Modified Date,Last Sync Date,Type,Vector Count,Web View Link
"[Aniket] Agentic Platform Customer Deck","1cZh9BEqucGuMreDLbi983jsJ6ieipm3ITB_ULLV2lBk","Yes","2025-12-18","2026-02-28","2026-03-01","application/vnd.google-apps.presentation","13","https://docs.google.com/presentation/d/1cZh9BEqucGuMreDLbi983jsJ6ieipm3ITB_ULLV2lBk/edit?usp=drivesdk"
"7","","No (legacy)","","","2026-01-22","application/pdf","12","https://docs.google.com/presentation/d/1uzlv-HVGzBrcdU5aD9aW4ruHUGiE2IHBT0o0crcvK94/edit?usp=drivesdk"
"8/3 Ally 2 Training Deckv2","1OE9r6Mzj-Zf_YmoBlF_j5E1-PEszixzoZ4d0Z2Zm3Gs","Yes","2025-07-31","2025-10-14","2026-01-22","application/pdf","29","https://docs.google.com/presentation/d/1OE9r6Mzj-Zf_YmoBlF_j5E1-PEszixzoZ4d0Z2Zm3Gs/edit?usp=drivesdk"
"AC Copilot - Competitive Intelligence","1Y4UywKXgAam6FGYGCBJebZPMR2PX-cxajdE8hlIIY14","Yes","2024-10-22","2026-02-20","2026-02-21","application/vnd.google-apps.presentation","13","https://docs.google.com/presentation/d/1Y4UywKXgAam6FGYGCBJebZPMR2PX-cxajdE8hlIIY14/edit?usp=drivesdk"
"Account Summary Slide - ABI.pdf","1XvpvrN7_kADqYFe47ylnJR3F-om2TU1V","Yes","2026-01-16","2026-01-16","2026-01-22","application/pdf","9","https://drive.google.com/file/d/1XvpvrN7_kADqYFe47ylnJR3F-om2TU1V/view?usp=drivesdk"
"Account Summary Slide - KC Canada.pdf","1pdmxXjyjQPWEt6jNYQwSDGnQfzBQaavP","Yes","2026-01-16","2026-01-16","2026-01-22","application/pdf","7","https://drive.google.com/file/d/1pdmxXjyjQPWEt6jNYQwSDGnQfzBQaavP/view?usp=drivesdk"
"Agent Pitch - Customer Presentation","1Dp3Fx3TGE1I1l2XA-mgm9-rALcEZoeISgXnSL40G8xI","Yes","2026-01-06","2026-02-18","2026-02-19","application/vnd.google-apps.presentation","207","https://docs.google.com/presentation/d/1Dp3Fx3TGE1I1l2XA-mgm9-rALcEZoeISgXnSL40G8xI/edit?usp=drivesdk"
"Agent Pitch - Customer PresentationV3","1vnbulKXEam0skTM35j-t9NZjGPizzUqtPIofBmSJElQ","Yes","2026-02-06","2026-02-27","2026-02-28","application/vnd.google-apps.presentation","25","https://docs.google.com/presentation/d/1vnbulKXEam0skTM35j-t9NZjGPizzUqtPIofBmSJElQ/edit?usp=drivesdk"
"Agent Product Hub","","No (legacy)","","","","text/plain","16","https://docs.google.com/document/d/1J6qBG6orf29KRgsdSigkNvOYBHyPUaNY3dqsPidoHRw/edit?usp=drivesdk"
"AGO - Chorus Recording / Demo Video Links","1fwLWPNbVMpP8wOEyaYpkY75TTa0c7y5vrdZ2GztKXLs","Yes","2025-10-15","2025-10-15","2026-01-22","text/plain","1","https://docs.google.com/document/d/1fwLWPNbVMpP8wOEyaYpkY75TTa0c7y5vrdZ2GztKXLs/edit?usp=drivesdk"
"AI Goal Optimizer - External Customer Deck","19HptMAE3kaQhsIQsMd0x-cSL1_sHOzb6cAHebMBa2J4","Yes","2025-09-17","2026-02-27","2026-02-28","application/vnd.google-apps.presentation","8","https://docs.google.com/presentation/d/19HptMAE3kaQhsIQsMd0x-cSL1_sHOzb6cAHebMBa2J4/edit?usp=drivesdk"
"AI Goal Optimizer - Internal Training Deck V2","1icEP_MRHspJzIOkHHXA9heemdaOEIAvaugt_F2SG-Yw","Yes","2025-09-16","2026-01-19","2026-01-22","application/vnd.google-apps.presentation","21","https://docs.google.com/presentation/d/1icEP_MRHspJzIOkHHXA9heemdaOEIAvaugt_F2SG-Yw/edit?usp=drivesdk"
"Ally I Teammate Training","1nYPCt3ZJLtDZDm-y27jykNt0-2guUdURHk4iGgaYMno","Yes","2025-08-03","2025-11-11","2026-01-22","application/pdf","10","https://docs.google.com/presentation/d/1nYPCt3ZJLtDZDm-y27jykNt0-2guUdURHk4iGgaYMno/edit?usp=drivesdk"
"Ally Messaging Framework.docx","1HNIcRkzEeC6q30a_9nQQFNJA0w8OBXPw","Yes","2025-03-14","2025-10-27","2026-01-22","application/vnd.openxmlformats-officedocument.wordprocessingml.document","12","https://docs.google.com/document/d/1HNIcRkzEeC6q30a_9nQQFNJA0w8OBXPw/edit?usp=drivesdk&ouid=118049293918336601246&rtpof=true&sd=true"
"Ally Sales Teamate Briefing","1I-_Lvz99yHCLNp9UxJQvXqCiJxi7--DDGNpXQSnJwtI","Yes","2025-08-23","2025-10-02","2026-01-22","application/pdf","10","https://docs.google.com/presentation/d/1I-_Lvz99yHCLNp9UxJQvXqCiJxi7--DDGNpXQSnJwtI/edit?usp=drivesdk"
"Ally Training Deck 5/9","1ZxSGExOKRkpMJhynxUeecVBHtJ4aGIMBih6ZX75ZmA4","Yes","2025-04-30","2025-09-19","2026-01-22","application/pdf","17","https://docs.google.com/presentation/d/1ZxSGExOKRkpMJhynxUeecVBHtJ4aGIMBih6ZX75ZmA4/edit?usp=drivesdk"
"AllyAI Agent Product Hub","","No (legacy)","","","","text/plain","41","https://docs.google.com/document/d/1J6qBG6orf29KRgsdSigkNvOYBHyPUaNY3dqsPidoHRw/edit?usp=drivesdk"
"AllyAI Category Teammate","1uUruwGH6HqqgV_OA-q-NOe_pg6bVMDo3A5rHRq2hj1s","Yes","2025-05-09","2026-02-24","2026-02-25","application/vnd.google-apps.presentation","12","https://docs.google.com/presentation/d/1uUruwGH6HqqgV_OA-q-NOe_pg6bVMDo3A5rHRq2hj1s/edit?usp=drivesdk"
"AllyAI Content Agent","1Y_Uow7sGBwMLm3SA0ej2YLOUMQhjeRE-_6zSfkvwX4k","Yes","2025-12-12","2026-02-17","2026-02-18","application/vnd.google-apps.presentation","5","https://docs.google.com/presentation/d/1Y_Uow7sGBwMLm3SA0ej2YLOUMQhjeRE-_6zSfkvwX4k/edit?usp=drivesdk"
"AllyAI Content Agent_2nd Call Slides","15zKFbgUa2SS6H98tRWMQUEhsnxgAipegF8eErhLLjow","Yes","2026-02-06","2026-02-24","2026-02-25","application/vnd.google-apps.presentation","3","https://docs.google.com/presentation/d/15zKFbgUa2SS6H98tRWMQUEhsnxgAipegF8eErhLLjow/edit?usp=drivesdk"
"AllyAI Media Teammate","1_m50KB13PrTeJe0p6QYHT9zlRwcALL1DuuP1GLq_f2g","Yes","2025-05-09","2026-02-06","2026-02-08","application/vnd.google-apps.presentation","4","https://docs.google.com/presentation/d/1_m50KB13PrTeJe0p6QYHT9zlRwcALL1DuuP1GLq_f2g/edit?usp=drivesdk"
"AllyAI Media Teammate ","","No (legacy)","","","2026-01-22","application/pdf","5","https://docs.google.com/presentation/d/1_m50KB13PrTeJe0p6QYHT9zlRwcALL1DuuP1GLq_f2g/edit?usp=drivesdk"
"AllyAI Media Teammate I 1-Click Report MBR MoM Example Generic ","","No (legacy)","","","2026-01-22","application/pdf","29","https://docs.google.com/presentation/d/1rA9tZCkZpMBQ8onkwwQEIs3yliAMGMk9fvtptU1UpCs/edit?usp=drivesdk"
"AllyAI Product Hub","1MAP6MkhW7IZrAGWFLrFZHCSIT4B2E3cRj4DUscZyrMw","Yes","2025-08-18","2026-01-29","2026-02-08","application/vnd.google-apps.document","19","https://docs.google.com/document/d/1MAP6MkhW7IZrAGWFLrFZHCSIT4B2E3cRj4DUscZyrMw/edit?usp=drivesdk"
"AllyAI Sales Agent 2nd Call Deck","1QZ2oSNQ9BVFRcntLSIkrJZjGFhEIJCvk00oD2MRIzL4","Yes","2026-02-11","2026-02-23","2026-02-24","application/vnd.google-apps.presentation","6","https://docs.google.com/presentation/d/1QZ2oSNQ9BVFRcntLSIkrJZjGFhEIJCvk00oD2MRIzL4/edit?usp=drivesdk"
"AllyAI Sales Teammate","1CxJFq3Y56UDNfCaQqaQAzflnyJ_UB86HGGE5BKxmFYc","Yes","2025-05-09","2025-11-19","2026-01-22","application/pdf","6","https://docs.google.com/presentation/d/1CxJFq3Y56UDNfCaQqaQAzflnyJ_UB86HGGE5BKxmFYc/edit?usp=drivesdk"
"AllyAI Teammate I S&S Dashboard Example Generic ","1uhmhOXzmxE6Q9eznkbTMVnLo3bCnwZJWes8u_CAxC9A","Yes","2025-12-03","2025-12-09","2026-01-22","application/vnd.google-apps.presentation","4","https://docs.google.com/presentation/d/1uhmhOXzmxE6Q9eznkbTMVnLo3bCnwZJWes8u_CAxC9A/edit?usp=drivesdk"
"AllyAI-Sales-Teammate Datasheet July 25","11RNl7g1id2p1fA7x-L1pH3Co-ghqmVzG","Yes","2025-05-27","2025-10-27","2026-01-22","application/pdf","3","https://drive.google.com/file/d/11RNl7g1id2p1fA7x-L1pH3Co-ghqmVzG/view?usp=drivesdk"
"April 2024 - Internal Competitive Update Slides","1JkImyzIkVNClT-xWDBA4dtHHTpuFu6zDyTo01wDPbao","Yes","2024-04-30","2024-05-13","2026-01-22","application/pdf","17","https://docs.google.com/presentation/d/1JkImyzIkVNClT-xWDBA4dtHHTpuFu6zDyTo01wDPbao/edit?usp=drivesdk"
"Ascential/Omnicom Competitive Battle Card (Updated May 2024)","13WUXmDPUpxXHK0CG-EWKukO3pShZXjGz30K9W7G9T6U","Yes","2023-12-01","2024-08-07","2026-01-22","application/pdf","62","https://docs.google.com/presentation/d/13WUXmDPUpxXHK0CG-EWKukO3pShZXjGz30K9W7G9T6U/edit?usp=drivesdk"
"Brand-Level Incrementality Messaging Framework June 25 Internal.docx","1lFXywXkPeL36rT9WPz5W8ATQ6bOyNLn2","Yes","2025-06-12","2025-08-21","2026-01-22","application/vnd.openxmlformats-officedocument.wordprocessingml.document","10","https://docs.google.com/document/d/1lFXywXkPeL36rT9WPz5W8ATQ6bOyNLn2/edit?usp=drivesdk&ouid=118049293918336601246&rtpof=true&sd=true"
"Brand-Level Incrementality Pitch Deck June 25 Internal","1MSlgR_NDlyKjKa18jiZP5S435WuwQ18f0hmrRq-eW_0","Yes","2025-06-18","2025-11-14","2026-01-22","application/pdf","4","https://docs.google.com/presentation/d/1MSlgR_NDlyKjKa18jiZP5S435WuwQ18f0hmrRq-eW_0/edit?usp=drivesdk"
"Britax Account Summary Slide.pdf","1UrSYThv-P1-a1xXT6CcKpA5HLuagxi3V","Yes","2026-01-16","2026-01-16","2026-01-22","application/pdf","6","https://drive.google.com/file/d/1UrSYThv-P1-a1xXT6CcKpA5HLuagxi3V/view?usp=drivesdk"
"Case Study eCommerce Sales Management Pet Food Aug 23","1NaFRDI_MlfTvLhP6b3w2tLa4_HthmX2jajjfYHv3z6c","Yes","2023-05-11","2025-11-18","2026-01-22","application/pdf","2","https://docs.google.com/presentation/d/1NaFRDI_MlfTvLhP6b3w2tLa4_HthmX2jajjfYHv3z6c/edit?usp=drivesdk"
"Case Study Slide Library - Copilot, DSO, RMM, Ally","","No (legacy)","","","","application/pdf","1300","https://docs.google.com/presentation/d/1AKgrmgU_a3wvFJPsMfhjshmIIDURdtxEnfnRuyOSYOE/edit?usp=drivesdk"
"Case Study_Mondelez_DSO & RMM","1tamvDkE5Ry6744-QF_J_B1s0MlVQfV2YQjDI2lV9It0","Yes","2025-09-18","2025-11-13","2026-01-22","application/pdf","2","https://docs.google.com/presentation/d/1tamvDkE5Ry6744-QF_J_B1s0MlVQfV2YQjDI2lV9It0/edit?usp=drivesdk"
"CategoryIQ-IndustryReport-StuffedToys.pdf","1MvIYRCK1Efz24iB7NP-hMqogwNbGYpCM","Yes","2024-10-08","2024-10-11","2026-01-22","application/pdf","11","https://drive.google.com/file/d/1MvIYRCK1Efz24iB7NP-hMqogwNbGYpCM/view?usp=drivesdk"
"chargeguard by Carbon6 Competitive Overview","1IRVGj4pNK_gKw2G495ocxfz45DR9oh6h6CagWeZ4hZg","Yes","2024-03-05","2024-04-25","2026-01-22","text/plain","7","https://docs.google.com/document/d/1IRVGj4pNK_gKw2G495ocxfz45DR9oh6h6CagWeZ4hZg/edit?usp=drivesdk"
"Choosing ESM over Pacvue Commerce","1Wmw4Z9dfIqxyluqdgCvlXvt0KxWhMqH8mjVvdUHWh08","Yes","2023-10-23","2024-03-06","2026-01-22","application/pdf","4","https://docs.google.com/presentation/d/1Wmw4Z9dfIqxyluqdgCvlXvt0KxWhMqH8mjVvdUHWh08/edit?usp=drivesdk"
"Chorus Recording Link","1AynzGDXQmOqGd0snkWGKgX3CyAglve2ICpt-LsDbh8U","Yes","2025-10-15","2025-10-15","2026-01-22","text/plain","1","https://docs.google.com/document/d/1AynzGDXQmOqGd0snkWGKgX3CyAglve2ICpt-LsDbh8U/edit?usp=drivesdk"
"CIQ Amazon Prime Big Deal Day Insights 2025","","No (legacy)","","","2026-01-22","application/pdf","60","https://docs.google.com/presentation/d/1bQ3JLoAoEf6sD2bclfXp6pPLxKfHoA6N7DUtJWl4y-k/edit?usp=drivesdk"
"CommerceIQ Copilot for Amazon - Datasheet July 25","1lc2rUqSfhJh1LR_dD5pudrwmxscxlfnh","Yes","2025-10-29","2025-11-06","2026-01-22","application/pdf","4","https://drive.google.com/file/d/1lc2rUqSfhJh1LR_dD5pudrwmxscxlfnh/view?usp=drivesdk"
"CommerceIQ Copilot for Amazon - Product Box August 25 Internal","","No (legacy)","","","","text/plain","679","https://docs.google.com/document/d/1N6kZbFtmBq8PV4wIeJ4r4J0WXzTiw4ENMc5erjpdQ0E/edit?usp=drivesdk"
"CommerceIQ Copilot for Amazon - Product Features ","","No (legacy)","","","2026-01-22","application/pdf","32","https://docs.google.com/presentation/d/1BH5OgDHepWhXc8Tb8NwRzb1Gwa-Y-fzvf-abaD5zZrE/edit?usp=drivesdk"
"CommerceIQ Copilot for Amazon - Product Hub August 25 Internal","1j42nVLn0IoNNWB4ytPAlKxaxt7qiO05J0r1NXF3ajpc","Yes","2025-08-18","2025-11-06","2026-01-22","text/plain","9","https://docs.google.com/document/d/1j42nVLn0IoNNWB4ytPAlKxaxt7qiO05J0r1NXF3ajpc/edit?usp=drivesdk"
"CommerceIQ Copilot for Amazon - Second Call Deck","","No (legacy)","2025-09-25","2025-12-09","2026-01-22","application/pdf","230","https://docs.google.com/presentation/d/1VXRFV4-I2q_XXPlG7juo2TA7MkXZhghkvizOEOnNk00/edit?usp=drivesdk"
"CommerceIQ Copilot for Amazon Messaging Framework.docx","1cdCFo3jouqlDj2oFHTDY3aY_2O4ktvJU","Yes","2025-03-14","2025-10-27","2026-01-22","application/vnd.openxmlformats-officedocument.wordprocessingml.document","11","https://docs.google.com/document/d/1cdCFo3jouqlDj2oFHTDY3aY_2O4ktvJU/edit?usp=drivesdk&ouid=118049293918336601246&rtpof=true&sd=true"
"CommerceIQ Sales Agent Messaging Framework.docx","1UvrqNqH79UC77DtfpV4FveNEfQEStcyt","Yes","2026-01-14","2026-01-14","2026-01-22","application/vnd.openxmlformats-officedocument.wordprocessingml.document","21","https://docs.google.com/document/d/1UvrqNqH79UC77DtfpV4FveNEfQEStcyt/edit?usp=drivesdk&ouid=118049293918336601246&rtpof=true&sd=true"
"CommerceIQ-2025-Year-in-review-The State of-Retail-Ecommerce-report-Lookback.pdf","","No (legacy)","","","","application/pdf","144","https://drive.google.com/file/d/1XAB1UbXwg2k47o339A7Cbix8Fo2aqJr5/view?usp=drivesdk"
"CommerceIQ-AllyAI-Content-Agent-OnePager.pdf","1DfBL1W7JNuhrgK7-tUBHIdsOGhox-gtm","Yes","2026-01-08","2026-01-20","2026-01-22","application/pdf","3","https://drive.google.com/file/d/1DfBL1W7JNuhrgK7-tUBHIdsOGhox-gtm/view?usp=drivesdk"
"CommerceIQ-CategoryIQ-Hair-Styling-April-2025.pdf","16bbDjWvpCFnALXPc0LXV_Iu9UvdRxCvG","Yes","2025-04-08","2025-04-08","2026-01-22","application/pdf","12","https://drive.google.com/file/d/16bbDjWvpCFnALXPc0LXV_Iu9UvdRxCvG/view?usp=drivesdk"
"CommerceIQ-CategoryIQ-Liquid-Body-Wash-April-2025.pdf","1gO-qQV2-r-5LDNDNhUVcaPp1eufWIXEM","Yes","2025-04-09","2025-04-09","2026-01-22","application/pdf","12","https://drive.google.com/file/d/1gO-qQV2-r-5LDNDNhUVcaPp1eufWIXEM/view?usp=drivesdk"
"CommerceIQ-ContentStyleGuide.pdf","13o95ZN7b287KQbJ4qogNlaB6kLpM_S4H","Yes","2024-10-09","2025-12-11","2026-01-22","application/pdf","13","https://drive.google.com/file/d/13o95ZN7b287KQbJ4qogNlaB6kLpM_S4H/view?usp=drivesdk"
"CommerceIQ-Prime-Big-Deal-Days-2025-Report.pdf","1RyKXbYklU3OcTm0alar_IzX2uHNe0YIi","Yes","2025-11-20","2025-11-20","","application/pdf","63","https://drive.google.com/file/d/1RyKXbYklU3OcTm0alar_IzX2uHNe0YIi/view?usp=drivesdk"
"CommerceIQ-Prime-Day-2024-Insights.pdf","1gXwcgETSHMJJ92fy_DUbqlc8ptNWnLtQ","Yes","2024-07-18","2024-07-18","2026-01-22","application/pdf","78","https://drive.google.com/file/d/1gXwcgETSHMJJ92fy_DUbqlc8ptNWnLtQ/view?usp=drivesdk"
"CommerceIQ-Quarterly-Industry-Trends-2025-Q1-report-April-2025-va","1iy4dRWKUOY-97vb00f9hDXszQ74XBQkreNICPMD5JBw","Yes","2025-11-20","2025-11-20","2026-02-14","application/vnd.google-apps.presentation","37","https://docs.google.com/presentation/d/1iy4dRWKUOY-97vb00f9hDXszQ74XBQkreNICPMD5JBw/edit?usp=drivesdk"
"CommerceIQ-The-State-of-retail-Ecommerce-Q3-2025-report-Sept-va.pdf","1DlVgZ7L64Ui_G9AS1lv-YdjY7gf59rnR","Yes","2025-11-20","2025-11-20","","application/pdf","35","https://drive.google.com/file/d/1DlVgZ7L64Ui_G9AS1lv-YdjY7gf59rnR/view?usp=drivesdk"
"Competition - Comparison Across Products","1ANNJCUP8it3vnUY5-5WPnf-BHU9LUB01nPvjqfDfBe8","Yes","2023-06-01","2023-06-01","2026-01-22","application/pdf","4","https://docs.google.com/presentation/d/1ANNJCUP8it3vnUY5-5WPnf-BHU9LUB01nPvjqfDfBe8/edit?usp=drivesdk"
"Competitive Comparisons","1HRjFsZMuSaYpiTZJaBUskplFvOO6mOYkeh9dbwS8dNU","Yes","2024-07-25","2024-07-25","2026-01-22","application/pdf","4","https://docs.google.com/presentation/d/1HRjFsZMuSaYpiTZJaBUskplFvOO6mOYkeh9dbwS8dNU/edit?usp=drivesdk"
"Comprehensive Prime Day Report July 2024.pdf","1-HYxEn_UcVhsOgUnpZMoX7p9RGPXiNAG","Yes","2024-08-14","2024-08-14","2026-01-22","application/pdf","164","https://drive.google.com/file/d/1-HYxEn_UcVhsOgUnpZMoX7p9RGPXiNAG/view?usp=drivesdk"
"Content Agent FAQ","1k65CnPFcC4C4Xn4WupAX11scdADL1BYHQlA3t_RTpR4","Yes","2025-12-11","2025-12-12","2026-01-22","text/plain","4","https://docs.google.com/document/d/1k65CnPFcC4C4Xn4WupAX11scdADL1BYHQlA3t_RTpR4/edit?usp=drivesdk"
"Content Agent Messaging Framework","1RQIltQVN7XE4uEUHziILcqDtpqHkEkDbjH22KRknIeU","Yes","2026-01-20","2026-02-24","2026-02-25","application/vnd.google-apps.document","1","https://docs.google.com/document/d/1RQIltQVN7XE4uEUHziILcqDtpqHkEkDbjH22KRknIeU/edit?usp=drivesdk"
"Content Agent Training Deck","1JtVl-TJ1-2QUl0CLVzes_YZYDGZGd86AJlHVnPvhso0","Yes","2025-12-09","2026-02-04","2026-02-08","application/vnd.google-apps.presentation","16","https://docs.google.com/presentation/d/1JtVl-TJ1-2QUl0CLVzes_YZYDGZGd86AJlHVnPvhso0/edit?usp=drivesdk"
"Content Agent_Product Box_WIP","1s55HQJaigw9GL4JpWNj97RqIsO4SEgybOJC9y5F2Cv0","Yes","2026-01-14","2026-01-15","2026-01-22","application/vnd.google-apps.document","11","https://docs.google.com/document/d/1s55HQJaigw9GL4JpWNj97RqIsO4SEgybOJC9y5F2Cv0/edit?usp=drivesdk"
"Data Impact Comparison","1VT92b_iG7yNa_CaAMG3NoDurIgGDLKFzRqxt2k2sI20","Yes","2023-07-21","2023-07-21","2026-01-22","application/pdf","3","https://docs.google.com/presentation/d/1VT92b_iG7yNa_CaAMG3NoDurIgGDLKFzRqxt2k2sI20/edit?usp=drivesdk"
"Data Impact Competitive Battle Card_111025","","No (legacy)","","","2026-01-22","application/pdf","100","https://docs.google.com/presentation/d/1r5PSFY13xuJcn3h0afyAI2Mc5LlxuOGpkxkf6RxFbZU/edit?usp=drivesdk"
"Databricks Competitive Comparison & Overview","1jckmA_8JEEwTzxVWg9KlGV98YwgyDNi7crNZ4HKp-ys","Yes","2024-05-17","2024-05-21","2026-01-22","text/plain","6","https://docs.google.com/document/d/1jckmA_8JEEwTzxVWg9KlGV98YwgyDNi7crNZ4HKp-ys/edit?usp=drivesdk"
"Dexi Competitive Overview","1tVVxqblqjbN-NwxXdz-HUwxlvoR0Yp9AgH1xH46DKL8","Yes","2024-04-25","2024-05-13","2026-01-22","text/plain","5","https://docs.google.com/document/d/1tVVxqblqjbN-NwxXdz-HUwxlvoR0Yp9AgH1xH46DKL8/edit?usp=drivesdk"
"Diageo Agent Pitch - Customer Presentation","1C7WtzXVFIZxDAgUiRoMwZ7oDKMDf3T9P0f9kUbPEJHI","Yes","2026-02-05","2026-02-09","2026-02-10","application/vnd.google-apps.presentation","16","https://docs.google.com/presentation/d/1C7WtzXVFIZxDAgUiRoMwZ7oDKMDf3T9P0f9kUbPEJHI/edit?usp=drivesdk"
"Digital Shelf Optimization - Competitive Intelligence","1xuKZj_eU0Lh0eJf7YcVhBuPGycK93UUmZ8pq722pmqQ","Yes","2024-10-17","2025-10-16","2026-01-22","application/pdf","32","https://docs.google.com/presentation/d/1xuKZj_eU0Lh0eJf7YcVhBuPGycK93UUmZ8pq722pmqQ/edit?usp=drivesdk"
"Dimetyd Battle Card (Updated Dec 23)","1HrSDLMR717Y25Bir8aqUf6xq7o5PvCL2SAahBm9rpsA","Yes","2023-11-02","2024-01-22","2026-01-22","application/pdf","14","https://docs.google.com/presentation/d/1HrSDLMR717Y25Bir8aqUf6xq7o5PvCL2SAahBm9rpsA/edit?usp=drivesdk"
"DRAFT CommerceIQ Media Agent - Product Box January 26 Internal","","No (legacy)","","","","text/plain","91","https://docs.google.com/document/d/1sHTaStv5-IrFjyIhcQkrRTBS77lfKGKt75UI1dI9vxM/edit?usp=drivesdk"
"DRAFT CommerceIQ Sales Agent - Product Box January 26 Internal","1WU6dSPrlYF8wGmmKgZVRUxBIq33PhbZL8gMOmyp777Q","Yes","2026-01-14","2026-01-20","2026-01-22","application/vnd.google-apps.document","145","https://docs.google.com/document/d/1WU6dSPrlYF8wGmmKgZVRUxBIq33PhbZL8gMOmyp777Q/edit?usp=drivesdk"
"DSO Messaging Framework_v2.docx","1PTbLyXMpvHzzVil3Ap1izIyncRqMGHQm","Yes","2025-04-25","2025-10-27","2026-01-22","application/vnd.openxmlformats-officedocument.wordprocessingml.document","14","https://docs.google.com/document/d/1PTbLyXMpvHzzVil3Ap1izIyncRqMGHQm/edit?usp=drivesdk&ouid=118049293918336601246&rtpof=true&sd=true"
"DSO Product Description_v2.1_Jul2025_INTERNAL","1nmzdRQLvuUUsVg9YefmjRxavjlxY_wiJPr7ECrVb8Fo","Yes","2026-01-15","2026-01-15","2026-01-22","application/vnd.google-apps.document","174","https://docs.google.com/document/d/1nmzdRQLvuUUsVg9YefmjRxavjlxY_wiJPr7ECrVb8Fo/edit?usp=drivesdk"
"DSO_2nd Call Deck","","No (legacy)","","","","application/pdf","65","https://docs.google.com/presentation/d/13ivKA010WzowgssKSpEkZnpk_px9OFaZECiWDHJLKkg/edit?usp=drivesdk"
"DSO_Automated Product Tagging Process","","No (legacy)","2025-11-05","2025-12-10","2026-01-22","text/plain","3","https://docs.google.com/document/d/1_mAB5MCV9tpEQ3WrPbq-eM6-Eh81ULwxyqFtJ1lQg5c/edit?usp=drivesdk"
"DSO_Key Prod Slides","","No (legacy)","","","2026-01-22","application/pdf","53","https://docs.google.com/presentation/d/1W1xtAvzkJqpbFB6WOtsPmxjcsvfPLVg5TyB1ap6cjTg/edit?usp=drivesdk"
"DSO_New Search Metrics_Product Update.pdf","1Zishdvf-2V7sXyD8WYSw0LXjdpOc9mrf","Yes","2025-09-19","2025-11-06","2026-01-22","application/pdf","17","https://drive.google.com/file/d/1Zishdvf-2V7sXyD8WYSw0LXjdpOc9mrf/view?usp=drivesdk"
"DSO_OnePager_Jul25.PDF","19jXKJrDkGaxjmfE0s_evFLQT4HSiqoER","Yes","2025-08-21","2025-10-27","2026-01-22","application/pdf","4","https://drive.google.com/file/d/19jXKJrDkGaxjmfE0s_evFLQT4HSiqoER/view?usp=drivesdk"
"DSO_Release Notes: Auto Product Tagging (Internal)","","No (legacy)","2025-11-05","2025-11-06","2026-01-22","text/plain","3","https://docs.google.com/document/d/1HhZCBIzskvFR7LauZgeolGZWhD0FK4McoSJX2iyZqSU/edit?usp=drivesdk"
"Ecommerce Sales Management Talk Track April 25 Internal","1zVrsnSHClQ1aFo1M2Hgwtl1yyKKZO_CkOiqukcjpw8I","Yes","2023-07-06","2025-08-21","2026-01-22","text/plain","4","https://docs.google.com/document/d/1zVrsnSHClQ1aFo1M2Hgwtl1yyKKZO_CkOiqukcjpw8I/edit?usp=drivesdk"
"Expert Insights FAQ - Internal","1_l8U7aqQ-wpRgJcG_2pUquRSCH_R0l26nzd4qks7Rkc","Yes","2025-09-09","2025-10-06","2026-01-22","text/plain","6","https://docs.google.com/document/d/1_l8U7aqQ-wpRgJcG_2pUquRSCH_R0l26nzd4qks7Rkc/edit?usp=drivesdk"
"ExpertIQ Training Deck Internal","1x0EnJT04my13Ug6EaB6tZsoTAgm-B2RSZ8bAbCANuGo","Yes","2025-09-08","2026-02-13","2026-02-14","application/vnd.google-apps.presentation","35","https://docs.google.com/presentation/d/1x0EnJT04my13Ug6EaB6tZsoTAgm-B2RSZ8bAbCANuGo/edit?usp=drivesdk"
"ExpertIQ-Datasheet.pdf","1fzWmkrGyBidwiC8ckT80ZUpfjJGV8Uul","Yes","2025-10-01","2025-10-06","2026-01-22","application/pdf","3","https://drive.google.com/file/d/1fzWmkrGyBidwiC8ckT80ZUpfjJGV8Uul/view?usp=drivesdk"
"First Call & Content Agent Certification","1dvFn0dg_IphiLRNTMMuljNhZ2lMEKGebDxoRILMObE0","Yes","2026-02-12","2026-02-23","2026-02-24","application/vnd.google-apps.presentation","4","https://docs.google.com/presentation/d/1dvFn0dg_IphiLRNTMMuljNhZ2lMEKGebDxoRILMObE0/edit?usp=drivesdk"
"First Call Deck - Agentic Commerce","","No (legacy)","","","","application/pdf","88","https://docs.google.com/presentation/d/1OTAKoxgOvSILDwYb6ev6mzJoVm9EBH8eePk3XL5v_mE/edit?usp=drivesdk"
"First Call Deck - Agents","","No (legacy)","","","","application/pdf","84","https://docs.google.com/presentation/d/1YpIABoaaU9mLa3OwAPWp2z0R9Vj0IK76WupcAos73sM/edit?usp=drivesdk"
"First Call Deck - Retail AI","1KqFgvy7q1kWomwWKjYL6Qs_m8CADPQQ4TppG8GBTthI","Yes","2025-07-19","2026-02-11","2026-02-12","application/vnd.google-apps.presentation","69","https://docs.google.com/presentation/d/1KqFgvy7q1kWomwWKjYL6Qs_m8CADPQQ4TppG8GBTthI/edit?usp=drivesdk"
"Flywheel comparison","1cfV_pMIB3IopA7BUwv_MmnqEWCJdVmpLaw80PBNhgeU","Yes","2023-06-07","2023-07-17","2026-01-22","application/pdf","4","https://docs.google.com/presentation/d/1cfV_pMIB3IopA7BUwv_MmnqEWCJdVmpLaw80PBNhgeU/edit?usp=drivesdk"
"Forrester Briefing - AI Platform","1YaUWYHIHxiVbypjipDaMZGAzr98Ft7h1qyQMFqnKTe4","Yes","2026-01-20","2026-01-23","2026-02-08","application/vnd.google-apps.presentation","11","https://docs.google.com/presentation/d/1YaUWYHIHxiVbypjipDaMZGAzr98Ft7h1qyQMFqnKTe4/edit?usp=drivesdk"
"Helium10 Comparison","1rHrAXhAUL47JPp0l2cn2d1NTkW7Q5mQL8dTANoYZ2Ro","Yes","2023-06-08","2024-05-28","2026-01-22","application/pdf","3","https://docs.google.com/presentation/d/1rHrAXhAUL47JPp0l2cn2d1NTkW7Q5mQL8dTANoYZ2Ro/edit?usp=drivesdk"
"Henkel: Winning the next wave of search: How generative AI is reshaping retail","1yUxycedNputTb3wHDuQF25sRt4FxqN1WG-nQe0TOKnE","Yes","2025-11-14","2025-11-14","2026-01-22","text/plain","20","https://docs.google.com/document/d/1yUxycedNputTb3wHDuQF25sRt4FxqN1WG-nQe0TOKnE/edit?usp=drivesdk"
"ICP 1,2,3 Definitions","1NTJ0XU3y_hoNzHP-VguvGHbqFGD-hKrIIOX8gJ4eL9Y","Yes","2025-12-10","2025-12-12","2026-01-22","application/pdf","1","https://docs.google.com/presentation/d/1NTJ0XU3y_hoNzHP-VguvGHbqFGD-hKrIIOX8gJ4eL9Y/edit?usp=drivesdk"
"IndustryTrends-TheStateofRetailEcomm-Q3.pdf","1-4Bd88XB4JdRiCEtdG3jXJoe4QW7EwFM","Yes","2024-11-01","2024-10-31","2026-01-22","application/pdf","37","https://drive.google.com/file/d/1-4Bd88XB4JdRiCEtdG3jXJoe4QW7EwFM/view?usp=drivesdk"
"Internal Competitive & Industry Experience SMEs ","","No (legacy)","","","2026-01-22","text/csv","74","https://docs.google.com/spreadsheets/d/1O-miPrCS1KF1uEbQ6JyBRfPZCSv26PMfiCK2n19Gyto/edit?usp=drivesdk"
"Market Share Talk Track April 25 Internal","1StAbCefugktgs9k2B4VCEJPr8KHpWiQDLNf0f9w60Qo","Yes","2023-07-06","2025-08-21","2026-01-22","text/plain","5","https://docs.google.com/document/d/1StAbCefugktgs9k2B4VCEJPr8KHpWiQDLNf0f9w60Qo/edit?usp=drivesdk"
"May 2024 - Internal Competitive Update Slides","1YLmJsIiY_Gdn9v1iN0vdR0bnPcKbnNgZRge8e2yO8Oc","Yes","2024-05-21","2024-05-28","2026-01-22","application/pdf","42","https://docs.google.com/presentation/d/1YLmJsIiY_Gdn9v1iN0vdR0bnPcKbnNgZRge8e2yO8Oc/edit?usp=drivesdk"
"Media Agent 1-Click Report MBR MoM Example Generic ","1rA9tZCkZpMBQ8onkwwQEIs3yliAMGMk9fvtptU1UpCs","Yes","2025-09-22","2026-02-05","2026-02-08","application/vnd.google-apps.presentation","71","https://docs.google.com/presentation/d/1rA9tZCkZpMBQ8onkwwQEIs3yliAMGMk9fvtptU1UpCs/edit?usp=drivesdk"
"MLA Search Overview","1n4dtzZW06eX3s2uX05semZDoCh2qu3e9o1R43yX3hug","Yes","2026-02-13","2026-02-18","2026-02-19","application/vnd.google-apps.document","6","https://docs.google.com/document/d/1n4dtzZW06eX3s2uX05semZDoCh2qu3e9o1R43yX3hug/edit?usp=drivesdk"
"Pacvue Commerce","156Q3rD7XuaJRfdOZt1f8BaY2cSvVJAcazNCQpKDOfjU","Yes","2023-06-01","2024-03-06","2026-01-22","application/pdf","1","https://docs.google.com/presentation/d/156Q3rD7XuaJRfdOZt1f8BaY2cSvVJAcazNCQpKDOfjU/edit?usp=drivesdk"
"Pacvue Competitive Battle Card - ESM (Updated Sept 25)","1dquNJTKdp6uQvWJitTmoyG7vf4VIawMhPkk_lTMHKX0","Yes","2025-12-11","2025-12-11","2026-01-22","application/pdf","45","https://docs.google.com/presentation/d/1dquNJTKdp6uQvWJitTmoyG7vf4VIawMhPkk_lTMHKX0/edit?usp=drivesdk"
"Pacvue Competitive Battle Card (Updated Sept 24)","","No (legacy)","","","2026-01-22","application/pdf","40","https://docs.google.com/presentation/d/1VA967qiUDFUC69AXPFGOcQ0B85KBK5d3o5rb0W9BCAA/edit?usp=drivesdk"
"Pacvue RMM Comparison","1G1yJXrTDLm8YRpTIGeSPZ__c_9FNVDI0q6NpV-73FoE","Yes","2023-06-01","2024-03-06","2026-01-22","application/pdf","3","https://docs.google.com/presentation/d/1G1yJXrTDLm8YRpTIGeSPZ__c_9FNVDI0q6NpV-73FoE/edit?usp=drivesdk"
"Press Deck - Agentic Commerce","1kNB0QuoC1EDCMB4JHxQO0nfTWPEeXfOV_oEjUxN4XzA","Yes","2026-02-22","2026-02-26","2026-02-27","application/vnd.google-apps.presentation","133","https://docs.google.com/presentation/d/1kNB0QuoC1EDCMB4JHxQO0nfTWPEeXfOV_oEjUxN4XzA/edit?usp=drivesdk"
"Product Box: AllyAI SalesAgent & Services","1GKR5i2wDDEBKIzuGGhx8R3Joqka6qV2GAAqh2JzOKlw","Yes","2026-02-07","2026-02-20","2026-02-21","application/vnd.google-apps.document","19","https://docs.google.com/document/d/1GKR5i2wDDEBKIzuGGhx8R3Joqka6qV2GAAqh2JzOKlw/edit?usp=drivesdk"
"Product Box: Shelf Agent DRAFT","1az4xXzI0P9ZEkA8hYegZlJ6sDRBS_1_JJZntf0DK1DI","Yes","2026-02-27","2026-02-27","2026-02-28","application/vnd.google-apps.document","9","https://docs.google.com/document/d/1az4xXzI0P9ZEkA8hYegZlJ6sDRBS_1_JJZntf0DK1DI/edit?usp=drivesdk"
"Product Success Plan + Training Deck Internal WIP","1OLdvvxuSFyc2eeBgmazj8dpf13yogTtqkzPnfOP8hmg","Yes","2025-10-08","2026-01-15","2026-01-22","application/vnd.google-apps.presentation","13","https://docs.google.com/presentation/d/1OLdvvxuSFyc2eeBgmazj8dpf13yogTtqkzPnfOP8hmg/edit?usp=drivesdk"
"Profit Recovery Automation Talk Track April 25 Internal","1QVjKwi0poyECTEboY5O7uMRP7t1poamPo1SczOPDyf0","Yes","2023-07-06","2025-08-21","2026-01-22","text/plain","4","https://docs.google.com/document/d/1QVjKwi0poyECTEboY5O7uMRP7t1poamPo1SczOPDyf0/edit?usp=drivesdk"
"Profitero Competitive Battle Card_101525 (Upadated Oct 2025)","","No (legacy)","","","2026-01-22","application/pdf","36","https://docs.google.com/presentation/d/1esvEvZ79ebaKdfF32_u7Jiq_CyOwCnjtBhw0O0s3AaY/edit?usp=drivesdk"
"Profitero Competitive Battle Card_101525 (Updated Oct 2025)","","No (legacy)","","","","application/pdf","48","https://docs.google.com/presentation/d/1esvEvZ79ebaKdfF32_u7Jiq_CyOwCnjtBhw0O0s3AaY/edit?usp=drivesdk"
"Quartile - Competitive Overview","1C-84_-wMXEXQvW5qRhB3CuF5MmVL4gp-CYcr71NCIvM","Yes","2024-06-05","2024-06-06","2026-01-22","text/plain","9","https://docs.google.com/document/d/1C-84_-wMXEXQvW5qRhB3CuF5MmVL4gp-CYcr71NCIvM/edit?usp=drivesdk"
"Retail Media - Competitive Intelligence","1VSQuSIaMSTemiQk-3juknVUE4rTmEmMzJF3GDobiqss","Yes","2024-10-21","2024-10-21","2026-01-22","application/pdf","57","https://docs.google.com/presentation/d/1VSQuSIaMSTemiQk-3juknVUE4rTmEmMzJF3GDobiqss/edit?usp=drivesdk"
"Retail Media Management Talk Track","1lOoeG_MOemwZimoISBHkkuwH5ik4zT4CJ6TBfDnCigs","Yes","2023-07-06","2025-04-11","2026-01-22","text/plain","5","https://docs.google.com/document/d/1lOoeG_MOemwZimoISBHkkuwH5ik4zT4CJ6TBfDnCigs/edit?usp=drivesdk"
"RMM Blog Prime Day Incrementality August 25","1U5J8nYKv2aQCtdh9hipUwZ9LnuG_o9Uv3LsVB2O747s","Yes","2025-08-05","2025-08-21","2026-01-22","text/plain","9","https://docs.google.com/document/d/1U5J8nYKv2aQCtdh9hipUwZ9LnuG_o9Uv3LsVB2O747s/edit?usp=drivesdk"
"RMM Datasheet July 25","1MN4As8CGFJisl9no2hcLx4Fty3gBCE-W","Yes","2025-07-11","2025-10-27","2026-01-22","application/pdf","4","https://drive.google.com/file/d/1MN4As8CGFJisl9no2hcLx4Fty3gBCE-W/view?usp=drivesdk"
"RMM First Call Deck ","","No (legacy)","","","2026-01-22","application/pdf","11","https://docs.google.com/presentation/d/1Y_Rpyro9KsB0Av8fuoIMDearwUaFOz9FFYbz-8vbg-I/edit?usp=drivesdk"
"RMM First Call Deck April 25","173xcwJWf1tcFkdcBLe6bP1kJezqIaASbRyZDCK0iEOw","Yes","2025-04-09","2025-11-19","2026-01-22","application/pdf","11","https://docs.google.com/presentation/d/173xcwJWf1tcFkdcBLe6bP1kJezqIaASbRyZDCK0iEOw/edit?usp=drivesdk"
"RMM First Call Deck April 25 - Part 1","","No (legacy)","","","","application/pdf","39","https://docs.google.com/presentation/d/1GyFpDLARvcNMuQ21qi2HBOasIbglMfeBzFGMsP085EI/edit?usp=drivesdk"
"RMM First Call Deck April 25 - Part 2","","No (legacy)","2025-09-25","2025-09-25","2026-01-22","application/pdf","6","https://docs.google.com/presentation/d/1dO73ol-VnpWeuhAKtFs0N22S6n1Q30p2R_dXO0gqa9g/edit?usp=drivesdk"
"RMM Key Product Capabilities ","1conVvKYbtQymKCePCwwJ1X4jZrPwtn1tuXw25h0-i0U","Yes","2025-06-12","2026-02-03","2026-02-08","application/vnd.google-apps.presentation","53","https://docs.google.com/presentation/d/1conVvKYbtQymKCePCwwJ1X4jZrPwtn1tuXw25h0-i0U/edit?usp=drivesdk"
"RMM Messaging Framework .docx","1qY386ft4x9iOu5JCXOkoSHwpYH5zNK8Y","Yes","2025-03-10","2025-10-15","2026-01-22","application/vnd.openxmlformats-officedocument.wordprocessingml.document","13","https://docs.google.com/document/d/1qY386ft4x9iOu5JCXOkoSHwpYH5zNK8Y/edit?usp=drivesdk&ouid=118049293918336601246&rtpof=true&sd=true"
"RMM Messaging Framework July 25 Internal","1-ZYpcFaEFDOkxXOxy1OmsTTXE-sYz5NM6GvmZwRsbAE","Yes","2025-07-28","2025-10-27","2026-01-22","text/plain","13","https://docs.google.com/document/d/1-ZYpcFaEFDOkxXOxy1OmsTTXE-sYz5NM6GvmZwRsbAE/edit?usp=drivesdk"
"RMM Product Box July 25 Internal","164Cr-A5tQayncjqFaRzIL3_G-gswu8wCoSntfO96YPA","Yes","2025-05-03","2026-01-28","2026-02-08","application/vnd.google-apps.document","97","https://docs.google.com/document/d/164Cr-A5tQayncjqFaRzIL3_G-gswu8wCoSntfO96YPA/edit?usp=drivesdk"
"RMM Product FAQ July 25 Internal","1zAmjuRohBZZ4KJWTw8E4cIZeDKuhXRXgJeh6PZK7ck8","Yes","2025-05-29","2025-08-21","2026-01-22","text/plain","13","https://docs.google.com/document/d/1zAmjuRohBZZ4KJWTw8E4cIZeDKuhXRXgJeh6PZK7ck8/edit?usp=drivesdk"
"RMM Second call deck ","1PnyetK3P8BjeWlb8D-3G3iBjUc_ZTaHBwonikDqSgdU","Yes","2024-08-23","2025-11-17","2026-01-22","application/vnd.google-apps.presentation","44","https://docs.google.com/presentation/d/1PnyetK3P8BjeWlb8D-3G3iBjUc_ZTaHBwonikDqSgdU/edit?usp=drivesdk"
"Sales Agent & Services Datasheet Draft Jan 25","1YI9WhZnU1rfnu29-m0hi8EZpaNHkqOH7NsmnjEbbmzI","Yes","2026-01-30","2026-02-24","2026-02-25","application/vnd.google-apps.document","4","https://docs.google.com/document/d/1YI9WhZnU1rfnu29-m0hi8EZpaNHkqOH7NsmnjEbbmzI/edit?usp=drivesdk"
"Shalion Competitive Comparison","1mFqLkUQq2lfegCTqKIQA6jacVWre4fwonrLaJ0GwOFg","Yes","2024-08-08","2024-09-19","2026-01-22","text/plain","5","https://docs.google.com/document/d/1mFqLkUQq2lfegCTqKIQA6jacVWre4fwonrLaJ0GwOFg/edit?usp=drivesdk"
"Skai Comparison","1gL4Ew9F9-xJRCPEMGrZun6TwJnZXYlu-55rbbJriAM0","Yes","2023-06-08","2023-07-14","2026-01-22","application/pdf","3","https://docs.google.com/presentation/d/1gL4Ew9F9-xJRCPEMGrZun6TwJnZXYlu-55rbbJriAM0/edit?usp=drivesdk"
"Skai Competitive Battle Card (Updated Sept 2024)","144vl17SkkyprH9ywJUZ8O_svpswmzUlEXf3bf3zbhE8","Yes","2023-11-15","2024-10-21","2026-01-22","application/pdf","26","https://docs.google.com/presentation/d/144vl17SkkyprH9ywJUZ8O_svpswmzUlEXf3bf3zbhE8/edit?usp=drivesdk"
"Stackline Comparison","1loydBk1pPRdeXHN16ASUrkAfd_tu71SuGqeFDoPu35E","Yes","2023-06-01","2023-10-25","2026-01-22","application/pdf","8","https://docs.google.com/presentation/d/1loydBk1pPRdeXHN16ASUrkAfd_tu71SuGqeFDoPu35E/edit?usp=drivesdk"
"Stackline Competitive Battle Card (Updated August 2025)","1wBd8aMTqORuzwH4q7CfLqWxliJXMYuv8YbwFRps9Dgg","Yes","2025-08-08","2026-02-12","2026-02-13","application/vnd.google-apps.presentation","24","https://docs.google.com/presentation/d/1wBd8aMTqORuzwH4q7CfLqWxliJXMYuv8YbwFRps9Dgg/edit?usp=drivesdk"
"Stackline Competitive Battle Card (Updated July 2024)","","No (legacy)","","","2026-01-22","application/pdf","57","https://docs.google.com/presentation/d/1qbtVLO6-bV3aYgVqJ1IDOkaNZ5DLbEars5Lyf_UetrQ/edit?usp=drivesdk"
"SupplyPike Competitive Battle Card WIP (Updated Oct 2025)","1MDn7_khrcZmWA84Vr_rP4H-pWsyWZJxcqpWDOBRaL1o","Yes","2025-10-17","2025-10-20","2026-01-22","application/pdf","7","https://docs.google.com/presentation/d/1MDn7_khrcZmWA84Vr_rP4H-pWsyWZJxcqpWDOBRaL1o/edit?usp=drivesdk"
"Teikametrics Comparison","16DCsGMLvvzsk7NT5XEGn7rUoetihb5uuGqpZCsgVb8M","Yes","2023-06-08","2023-06-08","2026-01-22","application/pdf","3","https://docs.google.com/presentation/d/16DCsGMLvvzsk7NT5XEGn7rUoetihb5uuGqpZCsgVb8M/edit?usp=drivesdk"
"Tinuiti Comparison","1qFM6h96qRKPP8zzh5MvSxwlSxnpw1s2qak2wgtFVOvs","Yes","2023-06-08","2023-06-08","2026-01-22","application/pdf","3","https://docs.google.com/presentation/d/1qFM6h96qRKPP8zzh5MvSxwlSxnpw1s2qak2wgtFVOvs/edit?usp=drivesdk"
"Tinuiti Competitive Battle Card (Updated Dec 23)","11yIo8iI1X2V7s1qDuZki-__d1U9wmAk6wSpafIxiM6s","Yes","2023-11-15","2023-12-08","2026-01-22","application/pdf","19","https://docs.google.com/presentation/d/11yIo8iI1X2V7s1qDuZki-__d1U9wmAk6wSpafIxiM6s/edit?usp=drivesdk"
"User Personas","1kNVNsEgzjf2g-xagl93OvtoOmmA3r87JecBQOJOvJW4","Yes","2023-09-27","2023-10-09","2026-01-22","text/plain","50","https://docs.google.com/document/d/1kNVNsEgzjf2g-xagl93OvtoOmmA3r87JecBQOJOvJW4/edit?usp=drivesdk"
"Why DSO is Different","1D44RGvRsk20aLcbuTO2RvFyn3Pqa1L69SG9yfqxFDAw","Yes","2026-01-23","2026-01-23","2026-02-08","application/vnd.google-apps.presentation","9","https://docs.google.com/presentation/d/1D44RGvRsk20aLcbuTO2RvFyn3Pqa1L69SG9yfqxFDAw/edit?usp=drivesdk"
"Winning the next wave of search: How generative AI is reshaping retail","1Yl14Dkd7zW0p0P8mZ_SQO8UaNbzqKrlKyeRrro8bHmQ","Yes","2025-11-12","2025-11-19","2026-01-22","text/plain","20","https://docs.google.com/document/d/1Yl14Dkd7zW0p0P8mZ_SQO8UaNbzqKrlKyeRrro8bHmQ/edit?usp=drivesdk"