"Document Name","URL","File ID","Category","Chunk Count","Blob Type","Created Date","Modified Date"
"7","https://docs.google.com/presentation/d/1uzlv-HVGzBrcdU5aD9aW4ruHUGiE2IHBT0o0crcvK94/edit?usp=drivesdk","","PDF Document","36","application/pdf","",""
"8/3 Ally 2 Training Deckv2","https://docs.google.com/presentation/d/1OE9r6Mzj-Zf_YmoBlF_j5E1-PEszixzoZ4d0Z2Zm3Gs/edit?usp=drivesdk","1OE9r6Mzj-Zf_YmoBlF_j5E1-PEszixzoZ4d0Z2Zm3Gs","Presentation/Deck","135","application/pdf","2025-07-31","2025-10-14"
"AC Copilot - Competitive Intelligence","https://docs.google.com/presentation/d/1Y4UywKXgAam6FGYGCBJebZPMR2PX-cxajdE8hlIIY14/edit?usp=drivesdk","1Y4UywKXgAam6FGYGCBJebZPMR2PX-cxajdE8hlIIY14","Battle Card","190","application/pdf","2024-10-22","2025-11-12"
"Agent Pitch - Customer Presentation","https://docs.google.com/presentation/d/1Dp3Fx3TGE1I1l2XA-mgm9-rALcEZoeISgXnSL40G8xI/edit?usp=drivesdk","","PDF Document","914","application/pdf","",""
"AGO - Chorus Recording / Demo Video Links","https://docs.google.com/document/d/1fwLWPNbVMpP8wOEyaYpkY75TTa0c7y5vrdZ2GztKXLs/edit?usp=drivesdk","1fwLWPNbVMpP8wOEyaYpkY75TTa0c7y5vrdZ2GztKXLs","Other","1","text/plain","2025-10-15","2025-10-15"
"AI Goal Optimizer - External Customer Deck","https://docs.google.com/presentation/d/19HptMAE3kaQhsIQsMd0x-cSL1_sHOzb6cAHebMBa2J4/edit?usp=drivesdk","19HptMAE3kaQhsIQsMd0x-cSL1_sHOzb6cAHebMBa2J4","Presentation/Deck","15","application/pdf","2025-09-17","2025-11-18"
"AI Goal Optimizer - Internal Training Deck V2","https://docs.google.com/presentation/d/1icEP_MRHspJzIOkHHXA9heemdaOEIAvaugt_F2SG-Yw/edit?usp=drivesdk","1icEP_MRHspJzIOkHHXA9heemdaOEIAvaugt_F2SG-Yw","Presentation/Deck","35","application/pdf","2025-09-16","2025-11-19"
"Ally I Teammate Training","https://docs.google.com/presentation/d/1nYPCt3ZJLtDZDm-y27jykNt0-2guUdURHk4iGgaYMno/edit?usp=drivesdk","1nYPCt3ZJLtDZDm-y27jykNt0-2guUdURHk4iGgaYMno","Training Material","58","application/pdf","2025-08-03","2025-11-11"
"Ally Messaging Framework.docx","https://docs.google.com/document/d/1HNIcRkzEeC6q30a_9nQQFNJA0w8OBXPw/edit?usp=drivesdk&ouid=118049293918336601246&rtpof=true&sd=true","1HNIcRkzEeC6q30a_9nQQFNJA0w8OBXPw","Framework/Messaging","57","application/vnd.openxmlformats-officedocument.wordprocessingml.document","2025-03-14","2025-10-27"
"Ally Sales Teamate Briefing","https://docs.google.com/presentation/d/1I-_Lvz99yHCLNp9UxJQvXqCiJxi7--DDGNpXQSnJwtI/edit?usp=drivesdk","1I-_Lvz99yHCLNp9UxJQvXqCiJxi7--DDGNpXQSnJwtI","PDF Document","55","application/pdf","2025-08-23","2025-10-02"
"Ally Training Deck 5/9","https://docs.google.com/presentation/d/1ZxSGExOKRkpMJhynxUeecVBHtJ4aGIMBih6ZX75ZmA4/edit?usp=drivesdk","1ZxSGExOKRkpMJhynxUeecVBHtJ4aGIMBih6ZX75ZmA4","Presentation/Deck","83","application/pdf","2025-04-30","2025-09-19"
"AllyAI Category Teammate","https://docs.google.com/presentation/d/1uUruwGH6HqqgV_OA-q-NOe_pg6bVMDo3A5rHRq2hj1s/edit?usp=drivesdk","1uUruwGH6HqqgV_OA-q-NOe_pg6bVMDo3A5rHRq2hj1s","PDF Document","21","application/pdf","2025-05-09","2025-11-11"
"AllyAI Content Agent","https://docs.google.com/presentation/d/1Y_Uow7sGBwMLm3SA0ej2YLOUMQhjeRE-_6zSfkvwX4k/edit?usp=drivesdk","1Y_Uow7sGBwMLm3SA0ej2YLOUMQhjeRE-_6zSfkvwX4k","PDF Document","20","application/pdf","2025-12-12","2025-12-12"
"AllyAI Media Teammate ","https://docs.google.com/presentation/d/1_m50KB13PrTeJe0p6QYHT9zlRwcALL1DuuP1GLq_f2g/edit?usp=drivesdk","","PDF Document","14","application/pdf","",""
"AllyAI Media Teammate I 1-Click Report MBR MoM Example Generic ","https://docs.google.com/presentation/d/1rA9tZCkZpMBQ8onkwwQEIs3yliAMGMk9fvtptU1UpCs/edit?usp=drivesdk","","Industry Report","10","application/pdf","",""
"AllyAI Product Hub","https://docs.google.com/document/d/1MAP6MkhW7IZrAGWFLrFZHCSIT4B2E3cRj4DUscZyrMw/edit?usp=drivesdk","","Product Documentation","41","text/plain","",""
"AllyAI Sales Teammate","https://docs.google.com/presentation/d/1CxJFq3Y56UDNfCaQqaQAzflnyJ_UB86HGGE5BKxmFYc/edit?usp=drivesdk","1CxJFq3Y56UDNfCaQqaQAzflnyJ_UB86HGGE5BKxmFYc","PDF Document","27","application/pdf","2025-05-09","2025-11-19"
"April 2024 - Internal Competitive Update Slides","https://docs.google.com/presentation/d/1JkImyzIkVNClT-xWDBA4dtHHTpuFu6zDyTo01wDPbao/edit?usp=drivesdk","1JkImyzIkVNClT-xWDBA4dtHHTpuFu6zDyTo01wDPbao","Battle Card","42","application/pdf","2024-04-30","2024-05-13"
"Ascential/Omnicom Competitive Battle Card (Updated May 2024)","https://docs.google.com/presentation/d/13WUXmDPUpxXHK0CG-EWKukO3pShZXjGz30K9W7G9T6U/edit?usp=drivesdk","13WUXmDPUpxXHK0CG-EWKukO3pShZXjGz30K9W7G9T6U","Battle Card","135","application/pdf","2023-12-01","2024-08-07"
"Brand-Level Incrementality Messaging Framework June 25 Internal.docx","https://docs.google.com/document/d/1lFXywXkPeL36rT9WPz5W8ATQ6bOyNLn2/edit?usp=drivesdk&ouid=118049293918336601246&rtpof=true&sd=true","1lFXywXkPeL36rT9WPz5W8ATQ6bOyNLn2","Framework/Messaging","9","application/vnd.openxmlformats-officedocument.wordprocessingml.document","2025-06-12","2025-08-21"
"Brand-Level Incrementality Pitch Deck June 25 Internal","https://docs.google.com/presentation/d/1MSlgR_NDlyKjKa18jiZP5S435WuwQ18f0hmrRq-eW_0/edit?usp=drivesdk","1MSlgR_NDlyKjKa18jiZP5S435WuwQ18f0hmrRq-eW_0","Presentation/Deck","10","application/pdf","2025-06-18","2025-11-14"
"Case Study eCommerce Sales Management Pet Food Aug 23","https://docs.google.com/presentation/d/1NaFRDI_MlfTvLhP6b3w2tLa4_HthmX2jajjfYHv3z6c/edit?usp=drivesdk","1NaFRDI_MlfTvLhP6b3w2tLa4_HthmX2jajjfYHv3z6c","Case Study","1","application/pdf","2023-05-11","2025-11-18"
"Case Study Slide Library - Copilot, DSO, RMM, Ally","https://docs.google.com/presentation/d/1AKgrmgU_a3wvFJPsMfhjshmIIDURdtxEnfnRuyOSYOE/edit?usp=drivesdk","","Case Study","1609","application/pdf","",""
"Case Study_Mondelez_DSO & RMM","https://docs.google.com/presentation/d/1tamvDkE5Ry6744-QF_J_B1s0MlVQfV2YQjDI2lV9It0/edit?usp=drivesdk","1tamvDkE5Ry6744-QF_J_B1s0MlVQfV2YQjDI2lV9It0","Case Study","2","application/pdf","2025-09-18","2025-11-13"
"CategoryIQ-IndustryReport-StuffedToys.pdf","https://drive.google.com/file/d/1MvIYRCK1Efz24iB7NP-hMqogwNbGYpCM/view?usp=drivesdk","1MvIYRCK1Efz24iB7NP-hMqogwNbGYpCM","Industry Report","4","application/pdf","2024-10-08","2024-10-11"
"chargeguard by Carbon6 Competitive Overview","https://docs.google.com/document/d/1IRVGj4pNK_gKw2G495ocxfz45DR9oh6h6CagWeZ4hZg/edit?usp=drivesdk","1IRVGj4pNK_gKw2G495ocxfz45DR9oh6h6CagWeZ4hZg","Battle Card","8","text/plain","2024-03-05","2024-04-25"
"Choosing ESM over Pacvue Commerce","https://docs.google.com/presentation/d/1Wmw4Z9dfIqxyluqdgCvlXvt0KxWhMqH8mjVvdUHWh08/edit?usp=drivesdk","1Wmw4Z9dfIqxyluqdgCvlXvt0KxWhMqH8mjVvdUHWh08","PDF Document","16","application/pdf","2023-10-23","2024-03-06"
"CIQ Amazon Prime Big Deal Day Insights 2025","https://docs.google.com/presentation/d/1bQ3JLoAoEf6sD2bclfXp6pPLxKfHoA6N7DUtJWl4y-k/edit?usp=drivesdk","","Industry Report","16","application/pdf","",""
"CommerceIQ Copilot for Amazon - Product Box August 25 Internal","https://docs.google.com/document/d/1N6kZbFtmBq8PV4wIeJ4r4J0WXzTiw4ENMc5erjpdQ0E/edit?usp=drivesdk","","Product Documentation","214","text/plain","",""
"CommerceIQ Copilot for Amazon - Product Features ","https://docs.google.com/presentation/d/1BH5OgDHepWhXc8Tb8NwRzb1Gwa-Y-fzvf-abaD5zZrE/edit?usp=drivesdk","","PDF Document","74","application/pdf","",""
"CommerceIQ Copilot for Amazon - Product Hub August 25 Internal","https://docs.google.com/document/d/1j42nVLn0IoNNWB4ytPAlKxaxt7qiO05J0r1NXF3ajpc/edit?usp=drivesdk","1j42nVLn0IoNNWB4ytPAlKxaxt7qiO05J0r1NXF3ajpc","Product Documentation","57","text/plain","2025-08-18","2025-11-06"
"CommerceIQ Copilot for Amazon - Second Call Deck","https://docs.google.com/presentation/d/1VXRFV4-I2q_XXPlG7juo2TA7MkXZhghkvizOEOnNk00/edit?usp=drivesdk","","Presentation/Deck","639","application/pdf","",""
"CommerceIQ Copilot for Amazon Messaging Framework.docx","https://docs.google.com/document/d/1cdCFo3jouqlDj2oFHTDY3aY_2O4ktvJU/edit?usp=drivesdk&ouid=118049293918336601246&rtpof=true&sd=true","1cdCFo3jouqlDj2oFHTDY3aY_2O4ktvJU","Framework/Messaging","41","application/vnd.openxmlformats-officedocument.wordprocessingml.document","2025-03-14","2025-10-27"
"CommerceIQ-CategoryIQ-Hair-Styling-April-2025.pdf","https://drive.google.com/file/d/16bbDjWvpCFnALXPc0LXV_Iu9UvdRxCvG/view?usp=drivesdk","16bbDjWvpCFnALXPc0LXV_Iu9UvdRxCvG","PDF Document","6","application/pdf","2025-04-08","2025-04-08"
"CommerceIQ-CategoryIQ-Liquid-Body-Wash-April-2025.pdf","https://drive.google.com/file/d/1gO-qQV2-r-5LDNDNhUVcaPp1eufWIXEM/view?usp=drivesdk","1gO-qQV2-r-5LDNDNhUVcaPp1eufWIXEM","PDF Document","7","application/pdf","2025-04-09","2025-04-09"
"CommerceIQ-ContentStyleGuide.pdf","https://drive.google.com/file/d/13o95ZN7b287KQbJ4qogNlaB6kLpM_S4H/view?usp=drivesdk","13o95ZN7b287KQbJ4qogNlaB6kLpM_S4H","PDF Document","21","application/pdf","2024-10-09","2025-12-11"
"CommerceIQ-Prime-Big-Deal-Days-2025-Report.pdf","https://drive.google.com/file/d/1RyKXbYklU3OcTm0alar_IzX2uHNe0YIi/view?usp=drivesdk","1RyKXbYklU3OcTm0alar_IzX2uHNe0YIi","Industry Report","4","application/pdf","2025-11-20","2025-11-20"
"CommerceIQ-Prime-Day-2024-Insights.pdf","https://drive.google.com/file/d/1gXwcgETSHMJJ92fy_DUbqlc8ptNWnLtQ/view?usp=drivesdk","1gXwcgETSHMJJ92fy_DUbqlc8ptNWnLtQ","Industry Report","14","application/pdf","2024-07-18","2024-07-18"
"CommerceIQ-Quarterly-Industry-Trends-2025-Q1-report-April-2025-va.pdf","https://drive.google.com/file/d/17VOXTliCjYnNviFvggfi2Hlpf5a6KsbY/view?usp=drivesdk","17VOXTliCjYnNviFvggfi2Hlpf5a6KsbY","Industry Report","36","application/pdf","2025-04-29","2025-04-29"
"CommerceIQ-The-State-of-retail-Ecommerce-Q3-2025-report-Sept-va.pdf","https://drive.google.com/file/d/1DlVgZ7L64Ui_G9AS1lv-YdjY7gf59rnR/view?usp=drivesdk","1DlVgZ7L64Ui_G9AS1lv-YdjY7gf59rnR","PDF Document","23","application/pdf","2025-11-20","2025-11-20"
"Competition - Comparison Across Products","https://docs.google.com/presentation/d/1ANNJCUP8it3vnUY5-5WPnf-BHU9LUB01nPvjqfDfBe8/edit?usp=drivesdk","1ANNJCUP8it3vnUY5-5WPnf-BHU9LUB01nPvjqfDfBe8","PDF Document","17","application/pdf","2023-06-01","2023-06-01"
"Competitive Comparisons","https://docs.google.com/presentation/d/1HRjFsZMuSaYpiTZJaBUskplFvOO6mOYkeh9dbwS8dNU/edit?usp=drivesdk","1HRjFsZMuSaYpiTZJaBUskplFvOO6mOYkeh9dbwS8dNU","Battle Card","20","application/pdf","2024-07-25","2024-07-25"
"Comprehensive Prime Day Report July 2024.pdf","https://drive.google.com/file/d/1-HYxEn_UcVhsOgUnpZMoX7p9RGPXiNAG/view?usp=drivesdk","1-HYxEn_UcVhsOgUnpZMoX7p9RGPXiNAG","Industry Report","16","application/pdf","2024-08-14","2024-08-14"
"Content Agent FAQ","https://docs.google.com/document/d/1k65CnPFcC4C4Xn4WupAX11scdADL1BYHQlA3t_RTpR4/edit?usp=drivesdk","1k65CnPFcC4C4Xn4WupAX11scdADL1BYHQlA3t_RTpR4","Other","12","text/plain","2025-12-11","2025-12-12"
"Data Impact Comparison","https://docs.google.com/presentation/d/1VT92b_iG7yNa_CaAMG3NoDurIgGDLKFzRqxt2k2sI20/edit?usp=drivesdk","1VT92b_iG7yNa_CaAMG3NoDurIgGDLKFzRqxt2k2sI20","PDF Document","10","application/pdf","2023-07-21","2023-07-21"
"Data Impact Competitive Battle Card_111025","https://docs.google.com/presentation/d/1r5PSFY13xuJcn3h0afyAI2Mc5LlxuOGpkxkf6RxFbZU/edit?usp=drivesdk","","Battle Card","316","application/pdf","",""
"Databricks Competitive Comparison & Overview","https://docs.google.com/document/d/1jckmA_8JEEwTzxVWg9KlGV98YwgyDNi7crNZ4HKp-ys/edit?usp=drivesdk","1jckmA_8JEEwTzxVWg9KlGV98YwgyDNi7crNZ4HKp-ys","Battle Card","5","text/plain","2024-05-17","2024-05-21"
"Dexi Competitive Overview","https://docs.google.com/document/d/1tVVxqblqjbN-NwxXdz-HUwxlvoR0Yp9AgH1xH46DKL8/edit?usp=drivesdk","1tVVxqblqjbN-NwxXdz-HUwxlvoR0Yp9AgH1xH46DKL8","Battle Card","9","text/plain","2024-04-25","2024-05-13"
"Digital Shelf Optimization - Competitive Intelligence","https://docs.google.com/presentation/d/1xuKZj_eU0Lh0eJf7YcVhBuPGycK93UUmZ8pq722pmqQ/edit?usp=drivesdk","1xuKZj_eU0Lh0eJf7YcVhBuPGycK93UUmZ8pq722pmqQ","Battle Card","95","application/pdf","2024-10-17","2025-10-16"
"Dimetyd Battle Card (Updated Dec 23)","https://docs.google.com/presentation/d/1HrSDLMR717Y25Bir8aqUf6xq7o5PvCL2SAahBm9rpsA/edit?usp=drivesdk","1HrSDLMR717Y25Bir8aqUf6xq7o5PvCL2SAahBm9rpsA","Battle Card","30","application/pdf","2023-11-02","2024-01-22"
"DRAFT CommerceIQ Sales Agent - Product Box January 26 Internal","https://docs.google.com/document/d/1WU6dSPrlYF8wGmmKgZVRUxBIq33PhbZL8gMOmyp777Q/edit?usp=drivesdk","","Product Documentation","80","text/plain","",""
"DSO Messaging Framework_v2.docx","https://docs.google.com/document/d/1PTbLyXMpvHzzVil3Ap1izIyncRqMGHQm/edit?usp=drivesdk&ouid=118049293918336601246&rtpof=true&sd=true","1PTbLyXMpvHzzVil3Ap1izIyncRqMGHQm","Framework/Messaging","61","application/vnd.openxmlformats-officedocument.wordprocessingml.document","2025-04-25","2025-10-27"
"DSO_2nd Call Deck","https://docs.google.com/presentation/d/13ivKA010WzowgssKSpEkZnpk_px9OFaZECiWDHJLKkg/edit?usp=drivesdk","","Presentation/Deck","81","application/pdf","",""
"DSO_Automated Product Tagging Process","https://docs.google.com/document/d/1_mAB5MCV9tpEQ3WrPbq-eM6-Eh81ULwxyqFtJ1lQg5c/edit?usp=drivesdk","","Other","3","text/plain","2025-11-05","2025-12-10"
"DSO_Key Prod Slides","https://docs.google.com/presentation/d/1W1xtAvzkJqpbFB6WOtsPmxjcsvfPLVg5TyB1ap6cjTg/edit?usp=drivesdk","","PDF Document","106","application/pdf","2025-07-16","2025-12-10"
"DSO_New Search Metrics_Product Update.pdf","https://drive.google.com/file/d/1Zishdvf-2V7sXyD8WYSw0LXjdpOc9mrf/view?usp=drivesdk","1Zishdvf-2V7sXyD8WYSw0LXjdpOc9mrf","PDF Document","1","application/pdf","2025-09-19","2025-11-06"
"DSO_Release Notes: Auto Product Tagging (Internal)","https://docs.google.com/document/d/1HhZCBIzskvFR7LauZgeolGZWhD0FK4McoSJX2iyZqSU/edit?usp=drivesdk","","Other","4","text/plain","2025-11-05","2025-11-06"
"Ecommerce Sales Management Talk Track April 25 Internal","https://docs.google.com/document/d/1zVrsnSHClQ1aFo1M2Hgwtl1yyKKZO_CkOiqukcjpw8I/edit?usp=drivesdk","1zVrsnSHClQ1aFo1M2Hgwtl1yyKKZO_CkOiqukcjpw8I","Other","12","text/plain","2023-07-06","2025-08-21"
"Expert Insights FAQ - Internal","https://docs.google.com/document/d/1_l8U7aqQ-wpRgJcG_2pUquRSCH_R0l26nzd4qks7Rkc/edit?usp=drivesdk","1_l8U7aqQ-wpRgJcG_2pUquRSCH_R0l26nzd4qks7Rkc","Industry Report","15","text/plain","2025-09-09","2025-10-06"
"ExpertIQ Training Deck Internal","https://docs.google.com/presentation/d/1x0EnJT04my13Ug6EaB6tZsoTAgm-B2RSZ8bAbCANuGo/edit?usp=drivesdk","","Presentation/Deck","91","application/pdf","2025-09-08","2025-12-09"
"First Call Deck - Retail AI","https://docs.google.com/presentation/d/1KqFgvy7q1kWomwWKjYL6Qs_m8CADPQQ4TppG8GBTthI/edit?usp=drivesdk","","Presentation/Deck","260","application/pdf","",""
"Flywheel comparison","https://docs.google.com/presentation/d/1cfV_pMIB3IopA7BUwv_MmnqEWCJdVmpLaw80PBNhgeU/edit?usp=drivesdk","1cfV_pMIB3IopA7BUwv_MmnqEWCJdVmpLaw80PBNhgeU","PDF Document","7","application/pdf","2023-06-07","2023-07-17"
"Helium10 Comparison","https://docs.google.com/presentation/d/1rHrAXhAUL47JPp0l2cn2d1NTkW7Q5mQL8dTANoYZ2Ro/edit?usp=drivesdk","1rHrAXhAUL47JPp0l2cn2d1NTkW7Q5mQL8dTANoYZ2Ro","PDF Document","5","application/pdf","2023-06-08","2024-05-28"
"Henkel: Winning the next wave of search: How generative AI is reshaping retail","https://docs.google.com/document/d/1yUxycedNputTb3wHDuQF25sRt4FxqN1WG-nQe0TOKnE/edit?usp=drivesdk","1yUxycedNputTb3wHDuQF25sRt4FxqN1WG-nQe0TOKnE","Other","22","text/plain","2025-11-14","2025-11-14"
"ICP 1,2,3 Definitions","https://docs.google.com/presentation/d/1NTJ0XU3y_hoNzHP-VguvGHbqFGD-hKrIIOX8gJ4eL9Y/edit?usp=drivesdk","1NTJ0XU3y_hoNzHP-VguvGHbqFGD-hKrIIOX8gJ4eL9Y","PDF Document","1","application/pdf","2025-12-10","2025-12-12"
"IndustryTrends-TheStateofRetailEcomm-Q3.pdf","https://drive.google.com/file/d/1-4Bd88XB4JdRiCEtdG3jXJoe4QW7EwFM/view?usp=drivesdk","1-4Bd88XB4JdRiCEtdG3jXJoe4QW7EwFM","Industry Report","28","application/pdf","2024-11-01","2024-10-31"
"Internal Competitive & Industry Experience SMEs ","https://docs.google.com/spreadsheets/d/1O-miPrCS1KF1uEbQ6JyBRfPZCSv26PMfiCK2n19Gyto/edit?usp=drivesdk","","Battle Card","236","text/csv","",""
"Market Share Talk Track April 25 Internal","https://docs.google.com/document/d/1StAbCefugktgs9k2B4VCEJPr8KHpWiQDLNf0f9w60Qo/edit?usp=drivesdk","1StAbCefugktgs9k2B4VCEJPr8KHpWiQDLNf0f9w60Qo","Other","16","text/plain","2023-07-06","2025-08-21"
"May 2024 - Internal Competitive Update Slides","https://docs.google.com/presentation/d/1YLmJsIiY_Gdn9v1iN0vdR0bnPcKbnNgZRge8e2yO8Oc/edit?usp=drivesdk","1YLmJsIiY_Gdn9v1iN0vdR0bnPcKbnNgZRge8e2yO8Oc","Battle Card","105","application/pdf","2024-05-21","2024-05-28"
"Pacvue Commerce","https://docs.google.com/presentation/d/156Q3rD7XuaJRfdOZt1f8BaY2cSvVJAcazNCQpKDOfjU/edit?usp=drivesdk","156Q3rD7XuaJRfdOZt1f8BaY2cSvVJAcazNCQpKDOfjU","PDF Document","4","application/pdf","2023-06-01","2024-03-06"
"Pacvue Competitive Battle Card - ESM (Updated Sept 25)","https://docs.google.com/presentation/d/1dquNJTKdp6uQvWJitTmoyG7vf4VIawMhPkk_lTMHKX0/edit?usp=drivesdk","1dquNJTKdp6uQvWJitTmoyG7vf4VIawMhPkk_lTMHKX0","Battle Card","139","application/pdf","2025-12-11","2025-12-11"
"Pacvue Competitive Battle Card (Updated Sept 24)","https://docs.google.com/presentation/d/1VA967qiUDFUC69AXPFGOcQ0B85KBK5d3o5rb0W9BCAA/edit?usp=drivesdk","","Battle Card","113","application/pdf","",""
"Pacvue RMM Comparison","https://docs.google.com/presentation/d/1G1yJXrTDLm8YRpTIGeSPZ__c_9FNVDI0q6NpV-73FoE/edit?usp=drivesdk","1G1yJXrTDLm8YRpTIGeSPZ__c_9FNVDI0q6NpV-73FoE","PDF Document","4","application/pdf","2023-06-01","2024-03-06"
"Product Success Plan + Training Deck Internal WIP","https://docs.google.com/presentation/d/1OLdvvxuSFyc2eeBgmazj8dpf13yogTtqkzPnfOP8hmg/edit?usp=drivesdk","1OLdvvxuSFyc2eeBgmazj8dpf13yogTtqkzPnfOP8hmg","Presentation/Deck","80","application/pdf","2025-10-08","2025-11-19"
"Profit Recovery Automation Talk Track April 25 Internal","https://docs.google.com/document/d/1QVjKwi0poyECTEboY5O7uMRP7t1poamPo1SczOPDyf0/edit?usp=drivesdk","1QVjKwi0poyECTEboY5O7uMRP7t1poamPo1SczOPDyf0","Other","10","text/plain","2023-07-06","2025-08-21"
"Profitero Competitive Battle Card_101525","https://docs.google.com/presentation/d/1esvEvZ79ebaKdfF32_u7Jiq_CyOwCnjtBhw0O0s3AaY/edit?usp=drivesdk","1esvEvZ79ebaKdfF32_u7Jiq_CyOwCnjtBhw0O0s3AaY","Battle Card","66","application/pdf","2025-10-16","2025-12-08"
"Profitero Competitive Battle Card_101525 (Upadated Oct 2025)","https://docs.google.com/presentation/d/1esvEvZ79ebaKdfF32_u7Jiq_CyOwCnjtBhw0O0s3AaY/edit?usp=drivesdk","","Battle Card","132","application/pdf","",""
"Quartile - Competitive Overview","https://docs.google.com/document/d/1C-84_-wMXEXQvW5qRhB3CuF5MmVL4gp-CYcr71NCIvM/edit?usp=drivesdk","1C-84_-wMXEXQvW5qRhB3CuF5MmVL4gp-CYcr71NCIvM","Battle Card","21","text/plain","2024-06-05","2024-06-06"
"Retail Media - Competitive Intelligence","https://docs.google.com/presentation/d/1VSQuSIaMSTemiQk-3juknVUE4rTmEmMzJF3GDobiqss/edit?usp=drivesdk","1VSQuSIaMSTemiQk-3juknVUE4rTmEmMzJF3GDobiqss","Battle Card","115","application/pdf","2024-10-21","2024-10-21"
"Retail Media Management Talk Track","https://docs.google.com/document/d/1lOoeG_MOemwZimoISBHkkuwH5ik4zT4CJ6TBfDnCigs/edit?usp=drivesdk","1lOoeG_MOemwZimoISBHkkuwH5ik4zT4CJ6TBfDnCigs","Other","14","text/plain","2023-07-06","2025-04-11"
"RMM Blog Prime Day Incrementality August 25","https://docs.google.com/document/d/1U5J8nYKv2aQCtdh9hipUwZ9LnuG_o9Uv3LsVB2O747s/edit?usp=drivesdk","1U5J8nYKv2aQCtdh9hipUwZ9LnuG_o9Uv3LsVB2O747s","Other","13","text/plain","2025-08-05","2025-08-21"
"RMM First Call Deck ","https://docs.google.com/presentation/d/1Y_Rpyro9KsB0Av8fuoIMDearwUaFOz9FFYbz-8vbg-I/edit?usp=drivesdk","","Presentation/Deck","36","application/pdf","",""
"RMM First Call Deck April 25","https://docs.google.com/presentation/d/173xcwJWf1tcFkdcBLe6bP1kJezqIaASbRyZDCK0iEOw/edit?usp=drivesdk","173xcwJWf1tcFkdcBLe6bP1kJezqIaASbRyZDCK0iEOw","Presentation/Deck","35","application/pdf","2025-04-09","2025-11-19"
"RMM First Call Deck April 25 - Part 1","https://docs.google.com/presentation/d/16SoUBwHk-ujwzrE59Jzdnzd3KfT-Lp7ls2QlryGkcvA/edit?usp=drivesdk","","Presentation/Deck","58","application/pdf","2025-09-24","2025-11-14"
"RMM First Call Deck April 25 - Part 2","https://docs.google.com/presentation/d/1dO73ol-VnpWeuhAKtFs0N22S6n1Q30p2R_dXO0gqa9g/edit?usp=drivesdk","","Presentation/Deck","14","application/pdf","2025-09-25","2025-09-25"
"RMM Key Product Capabilities ","https://docs.google.com/presentation/d/1conVvKYbtQymKCePCwwJ1X4jZrPwtn1tuXw25h0-i0U/edit?usp=drivesdk","","PDF Document","68","application/pdf","",""
"RMM Messaging Framework .docx","https://docs.google.com/document/d/1qY386ft4x9iOu5JCXOkoSHwpYH5zNK8Y/edit?usp=drivesdk&ouid=118049293918336601246&rtpof=true&sd=true","1qY386ft4x9iOu5JCXOkoSHwpYH5zNK8Y","Framework/Messaging","32","application/vnd.openxmlformats-officedocument.wordprocessingml.document","2025-03-10","2025-10-15"
"RMM Messaging Framework July 25 Internal","https://docs.google.com/document/d/1-ZYpcFaEFDOkxXOxy1OmsTTXE-sYz5NM6GvmZwRsbAE/edit?usp=drivesdk","1-ZYpcFaEFDOkxXOxy1OmsTTXE-sYz5NM6GvmZwRsbAE","Framework/Messaging","40","text/plain","2025-07-28","2025-10-27"
"RMM Product Box July 25 Internal","https://docs.google.com/document/d/164Cr-A5tQayncjqFaRzIL3_G-gswu8wCoSntfO96YPA/edit?usp=drivesdk","164Cr-A5tQayncjqFaRzIL3_G-gswu8wCoSntfO96YPA","Product Documentation","126","text/plain","2025-05-03","2025-10-03"
"RMM Product FAQ July 25 Internal","https://docs.google.com/document/d/1zAmjuRohBZZ4KJWTw8E4cIZeDKuhXRXgJeh6PZK7ck8/edit?usp=drivesdk","1zAmjuRohBZZ4KJWTw8E4cIZeDKuhXRXgJeh6PZK7ck8","Other","20","text/plain","2025-05-29","2025-08-21"
"Shalion Competitive Comparison","https://docs.google.com/document/d/1mFqLkUQq2lfegCTqKIQA6jacVWre4fwonrLaJ0GwOFg/edit?usp=drivesdk","1mFqLkUQq2lfegCTqKIQA6jacVWre4fwonrLaJ0GwOFg","Battle Card","7","text/plain","2024-08-08","2024-09-19"
"Skai Comparison","https://docs.google.com/presentation/d/1gL4Ew9F9-xJRCPEMGrZun6TwJnZXYlu-55rbbJriAM0/edit?usp=drivesdk","1gL4Ew9F9-xJRCPEMGrZun6TwJnZXYlu-55rbbJriAM0","PDF Document","8","application/pdf","2023-06-08","2023-07-14"
"Skai Competitive Battle Card (Updated Sept 2024)","https://docs.google.com/presentation/d/144vl17SkkyprH9ywJUZ8O_svpswmzUlEXf3bf3zbhE8/edit?usp=drivesdk","144vl17SkkyprH9ywJUZ8O_svpswmzUlEXf3bf3zbhE8","Battle Card","61","application/pdf","2023-11-15","2024-10-21"
"Stackline Comparison","https://docs.google.com/presentation/d/1loydBk1pPRdeXHN16ASUrkAfd_tu71SuGqeFDoPu35E/edit?usp=drivesdk","1loydBk1pPRdeXHN16ASUrkAfd_tu71SuGqeFDoPu35E","PDF Document","25","application/pdf","2023-06-01","2023-10-25"
"Stackline Competitive Battle Card (Updated August 2025)","https://docs.google.com/presentation/d/1wBd8aMTqORuzwH4q7CfLqWxliJXMYuv8YbwFRps9Dgg/edit?usp=drivesdk","","Battle Card","53","application/pdf","2025-08-08T21:26:23.607Z","2025-11-11T19:22:20.024Z"
"Stackline Competitive Battle Card (Updated July 2024)","https://docs.google.com/presentation/d/1qbtVLO6-bV3aYgVqJ1IDOkaNZ5DLbEars5Lyf_UetrQ/edit?usp=drivesdk","","Battle Card","131","application/pdf","",""
"SupplyPike Competitive Battle Card WIP (Updated Oct 2025)","https://docs.google.com/presentation/d/1MDn7_khrcZmWA84Vr_rP4H-pWsyWZJxcqpWDOBRaL1o/edit?usp=drivesdk","1MDn7_khrcZmWA84Vr_rP4H-pWsyWZJxcqpWDOBRaL1o","Battle Card","12","application/pdf","2025-10-17","2025-10-20"
"Teikametrics Comparison","https://docs.google.com/presentation/d/16DCsGMLvvzsk7NT5XEGn7rUoetihb5uuGqpZCsgVb8M/edit?usp=drivesdk","16DCsGMLvvzsk7NT5XEGn7rUoetihb5uuGqpZCsgVb8M","PDF Document","10","application/pdf","2023-06-08","2023-06-08"
"Tinuiti Comparison","https://docs.google.com/presentation/d/1qFM6h96qRKPP8zzh5MvSxwlSxnpw1s2qak2wgtFVOvs/edit?usp=drivesdk","1qFM6h96qRKPP8zzh5MvSxwlSxnpw1s2qak2wgtFVOvs","PDF Document","7","application/pdf","2023-06-08","2023-06-08"
"Tinuiti Competitive Battle Card (Updated Dec 23)","https://docs.google.com/presentation/d/11yIo8iI1X2V7s1qDuZki-__d1U9wmAk6wSpafIxiM6s/edit?usp=drivesdk","11yIo8iI1X2V7s1qDuZki-__d1U9wmAk6wSpafIxiM6s","Battle Card","39","application/pdf","2023-11-15","2023-12-08"
"User Personas","https://docs.google.com/document/d/1kNVNsEgzjf2g-xagl93OvtoOmmA3r87JecBQOJOvJW4/edit?usp=drivesdk","1kNVNsEgzjf2g-xagl93OvtoOmmA3r87JecBQOJOvJW4","Other","119","text/plain","2023-09-27","2023-10-09"
"Winning the next wave of search: How generative AI is reshaping retail","https://docs.google.com/document/d/1Yl14Dkd7zW0p0P8mZ_SQO8UaNbzqKrlKyeRrro8bHmQ/edit?usp=drivesdk","1Yl14Dkd7zW0p0P8mZ_SQO8UaNbzqKrlKyeRrro8bHmQ","Other","24","text/plain","2025-11-12","2025-11-19"