"name","url","fileId","type","detailedDescription","specificKeywords","searchableTerms","keyFeatures","metrics","products","competitors","category","targetAudience","doesSupport","doesNotSupport"
"RMM Datasheet July 25","https://drive.google.com/file/d/1MN4As8CGFJisl9no2hcLx4Fty3gBCE-W/view?usp=drivesdk","1MN4As8CGFJisl9no2hcLx4Fty3gBCE-W","datasheet","Proven impact with Retail Media Management
Cut reporting time by 50% with automated commerce insights & automated decision-making, so you can focus on
strategy, not manual adjustments
strategy, not manual adjustments
Improve ad sales up to 100%+ with a strong iROAS lift by adapting dynamically to demand shifts with real-time
incrementality optimization, maximizing performance during cyclical peaks
Why choose Retail Media Management?
By integrating retail media, digital shelf and market share, Co...","Retail Media Management (RMM)","retail media management rmm","Incrementality Optimization; Guided Campaign Builder; AI Market Insights","","Retail Media Management (RMM)","","datasheet","Retail media managers, ecommerce leaders","Incrementality Optimization; Guided Campaign Builder; AI Market Insights",""
"ExpertIQ-Datasheet.pdf","https://drive.google.com/file/d/1fzWmkrGyBidwiC8ckT80ZUpfjJGV8Uul/view?usp=drivesdk","1fzWmkrGyBidwiC8ckT80ZUpfjJGV8Uul","datasheet","CommercelQ
4 .
he

EXPERTIQ iP

” \ | =

ExpertlQ provides advanced | vy jo”)

A H 5 & 5 - 4h ' ayy |

insights and advisory services g ™ —

from planning to execution 3

i = ia

CommercelQ’s new ExpertlQ program is a credit-based system providing advanced insights and advisory services

from planning to execution, delivered by a global team with depth of experience across markets and categories

worldwide.

These advanced insights and advisory services go beyond our product's self- Customer sel...","ExpertIQ","expertiq","Advanced insights and advisory services; Planning to execution support","","ExpertIQ","","datasheet","Strategy teams, product success teams","Advanced insights and advisory services; Planning to execution support",""
"AllyAI-Sales-Teammate Datasheet July 25","https://drive.google.com/file/d/11RNl7g1id2p1fA7x-L1pH3Co-ghqmVzG/view?usp=drivesdk","11RNl7g1id2p1fA7x-L1pH3Co-ghqmVzG","datasheet","Gap to plan: Understand over or under performance relative to sales goals
Automated root cause analysis: Uncover the inputs that are driving sales underperformance
Automated root cause analysis: Uncover the inputs that are driving sales underperformance
SKU deep dive: Break down what's lagging by SKU, brand or category in real time
Gap to plan recommendations: Identify specific actions to make up the sales gap through retail media, availability & content
Free up hours of manual work through Al-p...","AllyAI Sales Teammate","allyai sales teammate","Always-on AI partner; Risk detection; Decision acceleration","","AllyAI Sales Teammate","","datasheet","Sales teams, account managers","Always-on AI partner; Risk detection; Decision acceleration",""
"DSO_OnePager_Jul25.PDF","https://drive.google.com/file/d/19jXKJrDkGaxjmfE0s_evFLQT4HSiqoER/view?usp=drivesdk","19jXKJrDkGaxjmfE0s_evFLQT4HSiqoER","one-pager","provide unified views, competitive benchmarks, and brand-level insights. Data Transparency dashboards provide visibility
provide unified views, competitive benchmarks, and brand-level insights. Data Transparency dashboards provide visibility
into data collection success and monitor completeness and stability across all retailers.
Al-Powered Shelf Insights: Identify and resolve issues early with real-time diagnostics, automated w/m/q executive reports,
and instant SKU-level insights on price drop...","Digital Shelf Optimization (DSO)","digital shelf optimization dso","Share of voice tracking; Insights & automation; Content optimization","","Digital Shelf Optimization (DSO)","","one-pager","Digital shelf managers, ecommerce teams","Share of voice tracking; Insights & automation; Content optimization",""
"CommerceIQ Copilot for Amazon - Datasheet July 25","https://drive.google.com/file/d/1lc2rUqSfhJh1LR_dD5pudrwmxscxlfnh/view?usp=drivesdk","1lc2rUqSfhJh1LR_dD5pudrwmxscxlfnh","datasheet","CommercelQ Pe
(@ © hd oe Performance vs. Plan ®
ommercelQ Copilot ere————
fo I A Mm a Zz O N Digital POS ~ ( Recommendations to boost digital POS >
This Quarter ctuals {Pirojected # Plan Brand +
Drive profitable growth on Amazon with Al stom ree Sow Sm sa Sa Asi
insights, actions and automations based on EE TT
the only unified view of your. Amazon business. wo 0 facto roc sw mew soc ane
& ) = ’ : a | - 0 Plan | 1 $30M View all 15 brands
CommercelQ Copilot for Amazon is your Al-powered operating...","CommerceIQ Copilot for Amazon","commerceiq copilot for amazon","Digital POS recommendations; Performance tracking; AI-driven insights","","CommerceIQ Copilot for Amazon","","datasheet","Amazon sellers, ecommerce leaders","Digital POS recommendations; Performance tracking; AI-driven insights",""
"AI Goal Optimizer Media Teammate Sell Sheet June 2025","https://drive.google.com/file/d/1YmUoZAs9usjPyYIv1WgLSBUGXdeF56K0/view?usp=drivesdk","1YmUoZAs9usjPyYIv1WgLSBUGXdeF56K0","sell-sheet","selection, including ROAS, iROAS (incremental ROAS) and SOV—all
powered by intelligent Al or rules-based automation. Al Goal Optimizer iROAS Ad Sales
powered by intelligent Al or rules-based automation. Al Goal Optimizer iROAS Ad Sales
dynamically reallocates budgets and adjusts bids across campaigns to
ero be reat tmo. wr +75.6% +88.7%
drive real business growth in real time. OD /0 ./ /0
average increase average growth
CPC Impressions
[¢) [¢)
i. -38.4% +57.9%
Updated Campaign Optimizer: Easy-to...","AI Goal Optimizer; Media Teammate","ai goal optimizer; media teammate","Goal-based optimization; Media spend automation; Real-time adjustments","","AI Goal Optimizer; Media Teammate","","sell-sheet","Media buyers, retail media teams","Goal-based optimization; Media spend automation; Real-time adjustments",""
"CommerceIQ-AllyAI-Content-Agent-OnePager.pdf","https://drive.google.com/file/d/1DfBL1W7JNuhrgK7-tUBHIdsOGhox-gtm/view?usp=drivesdk","1DfBL1W7JNuhrgK7-tUBHIdsOGhox-gtm","one-pager","Content Validation Connect DAM, PIM, and PDPs to continuously identify gaps, correct inaccuracies, and keep PIM
data complete and current.
data complete and current.
Content Compliance 1-click syndication of PIM content across retailers to meet brand standards.*
Content Augmentation Identify missing backend attributes and apply retailer-specific recommendations to improve
search indexing.
Content Optimization Use real-time category signals to identify keyword opportunities and competitive shifts...","Ally Content Agent","ally content agent","Content optimization; PDP matching; Chat-based interface","","Ally Content Agent","","one-pager","Content managers, merchandising teams","Content optimization; PDP matching; Chat-based interface",""